40.7507844758,-73.9675676823,2010-10-20T22:15:24+01
40.7805414319,-73.9668273926,2010-10-20T21:05:18+01
40.7594642871,-73.9726424217,2010-10-20T20:53:41+01
40.7442738737,-73.9878344536,2010-10-20T18:41:43+01
40.7444201864,-73.9872121811,2010-10-20T18:41:06+01
40.7444201864,-73.9872121811,2010-10-20T15:31:25+01
40.7402664072,-73.9785754681,2010-10-20T13:18:46+01
40.7443825333,-73.9783781667,2010-10-20T13:01:58+01
40.743874309,-73.9871720907,2010-10-19T18:21:41+01
40.7444201864,-73.9872121811,2010-10-19T18:21:26+01
40.7444201864,-73.9872121811,2010-10-19T13:04:51+01
40.7443825333,-73.9783781667,2010-10-19T11:55:20+01
40.7445746272,-73.9762687683,2010-10-18T22:18:07+01
40.7444201864,-73.9872121811,2010-10-18T21:47:10+01
40.743874309,-73.9871720907,2010-10-18T17:31:38+01
40.7402664072,-73.9785754681,2010-10-18T15:23:37+01
40.7443825333,-73.9783781667,2010-10-18T12:58:32+01
40.7439581512,-73.9741170173,2010-10-17T21:10:19+01
40.7439581512,-73.9741170173,2010-10-17T13:31:32+01
40.7452492854,-73.9755928516,2010-10-16T22:35:24+01
40.7446906667,-73.9731436,2010-10-16T21:11:27+01
40.7437373912,-73.9797341824,2010-10-16T16:23:27+01
40.7439581512,-73.9741170173,2010-10-15T22:27:02+01
40.7537031968,-73.9737023674,2010-10-15T00:03:52+01
40.754047671,-73.972575095,2010-10-14T21:52:07+01
40.7568799674,-73.9862251282,2010-10-14T21:30:41+01
40.7444201864,-73.9872121811,2010-10-14T20:39:37+01
40.7442738737,-73.9878344536,2010-10-14T17:09:29+01
40.7444201864,-73.9872121811,2010-10-14T12:30:18+01
40.7429570453,-73.9810752869,2010-10-14T00:59:28+01
40.7444201864,-73.9872121811,2010-10-14T00:41:15+01
40.7437585667,-73.9817140333,2010-10-13T22:24:55+01
40.7687207949,-73.9624171285,2010-10-13T22:14:11+01
40.7682242208,-73.9644026756,2010-10-13T22:13:41+01
40.7805414319,-73.9668273926,2010-10-13T20:59:02+01
40.7527919861,-73.9772558212,2010-10-13T20:48:47+01
40.7444201864,-73.9872121811,2010-10-13T16:58:30+01
40.7402664072,-73.9785754681,2010-10-13T13:23:31+01
40.7443825333,-73.9783781667,2010-10-13T11:12:16+01
40.7439581512,-73.9741170173,2010-10-13T00:44:23+01
40.7445746272,-73.9762687683,2010-10-12T22:38:05+01
40.7443825333,-73.9783781667,2010-10-12T21:40:49+01
40.744908792,-73.970374177,2010-10-12T20:55:54+01
40.7444201864,-73.9872121811,2010-10-12T14:28:35+01
40.7443825333,-73.9783781667,2010-10-12T11:59:32+01
40.7446906667,-73.9731436,2010-10-11T22:08:08+01
40.7439581512,-73.9741170173,2010-10-11T17:23:43+01
40.7402664072,-73.9785754681,2010-10-11T14:06:54+01
40.7428595014,-73.9768588543,2010-10-10T23:00:43+01
40.744908792,-73.970374177,2010-10-10T21:17:44+01
40.7446906667,-73.9731436,2010-10-09T21:33:51+01
40.7452492854,-73.9755928516,2010-10-09T21:01:19+01
40.7449647918,-73.9769232273,2010-10-09T20:08:50+01
40.7422010764,-73.9879953861,2010-10-08T20:08:06+01
40.7442738737,-73.9878344536,2010-10-08T19:28:50+01
40.7436286667,-73.9882177167,2010-10-08T16:45:25+01
40.7402664072,-73.9785754681,2010-10-08T13:52:52+01
40.737933349,-73.9859247208,2010-10-08T03:54:43+01
40.74349588,-73.9966228,2010-10-08T02:09:50+01
40.7421580397,-73.9953449411,2010-10-07T23:24:55+01
40.741388197,-73.9894545078,2010-10-07T22:58:52+01
40.7422010764,-73.9879953861,2010-10-07T22:56:37+01
40.7444201864,-73.9872121811,2010-10-07T21:44:11+01
40.743874309,-73.9871720907,2010-10-07T17:07:08+01
40.7444201864,-73.9872121811,2010-10-07T16:04:38+01
40.7443825333,-73.9783781667,2010-10-07T15:03:41+01
40.7805414319,-73.9668273926,2010-10-06T22:08:36+01
40.7527919861,-73.9772558212,2010-10-06T20:45:54+01
40.75002646,-73.97976917,2010-10-06T20:45:14+01
40.7444201864,-73.9872121811,2010-10-06T19:22:14+01
40.743874309,-73.9871720907,2010-10-06T17:10:53+01
40.7444201864,-73.9872121811,2010-10-06T15:29:40+01
40.743874309,-73.9871720907,2010-10-06T15:20:07+01
40.7402664072,-73.9785754681,2010-10-06T13:22:11+01
40.7443825333,-73.9783781667,2010-10-06T13:12:53+01
40.7441692833,-73.97586725,2010-10-05T22:13:43+01
40.743874309,-73.9871720907,2010-10-05T18:20:59+01
40.7444201864,-73.9872121811,2010-10-05T12:58:34+01
40.7445746272,-73.9762687683,2010-10-04T22:19:54+01
40.7443825333,-73.9783781667,2010-10-04T19:21:29+01
40.7444201864,-73.9872121811,2010-10-04T16:42:09+01
40.7250878067,-74.0030287934,2010-10-04T15:54:43+01
40.725088272,-74.003248783,2010-10-04T15:41:52+01
40.7253997833,-74.0029002,2010-10-04T15:36:55+01
40.7244292691,-74.0009880066,2010-10-04T15:32:36+01
40.71924,-73.997362,2010-10-04T15:32:24+01
40.729246662,-73.9968842268,2010-10-04T15:30:21+01
40.7294295941,-73.9971363544,2010-10-04T15:29:35+01
40.7285271242,-73.9968681335,2010-10-04T15:29:16+01
40.7298078833,-73.9867140833,2010-10-04T15:23:12+01
40.7341565833,-73.98413505,2010-10-04T15:21:27+01
40.7402664072,-73.9785754681,2010-10-04T13:55:33+01
40.7443825333,-73.9783781667,2010-10-04T13:36:37+01
40.7439581512,-73.9741170173,2010-10-04T12:22:31+01
40.7446906667,-73.9731436,2010-10-03T21:27:34+01
40.7484436586,-73.9857316017,2010-10-03T19:05:16+01
40.7499798292,-73.9878129959,2010-10-03T19:04:45+01
40.75106239,-73.993954385,2010-10-03T19:00:25+01
40.75106239,-73.993954385,2010-10-01T20:53:30+01
40.750613794,-73.993434906,2010-10-01T20:25:25+01
40.7443825333,-73.9783781667,2010-10-01T20:00:57+01
40.7402664072,-73.9785754681,2010-10-01T15:02:50+01
40.7443825333,-73.9783781667,2010-10-01T13:21:44+01
40.7441438178,-73.9740371704,2010-10-01T00:52:46+01
40.7441438178,-73.9740371704,2010-09-30T17:41:03+01
40.7490894,-73.977759367,2010-09-29T22:26:39+01
40.74882441,-73.9758597,2010-09-29T22:25:02+01
40.7515076167,-73.9755,2010-09-29T22:24:07+01
40.7516947714,-73.9766013622,2010-09-29T22:23:59+01
40.7620566327,-73.9715480804,2010-09-29T22:21:40+01
40.7616340629,-73.9678573608,2010-09-29T22:19:38+01
40.7646895071,-73.9663767815,2010-09-29T22:18:22+01
40.7795851667,-73.9558870833,2010-09-29T22:11:20+01
40.7805414319,-73.9668273926,2010-09-29T20:58:17+01
40.7820966144,-73.9534251111,2010-09-29T20:33:05+01
40.7820966144,-73.9534251111,2010-09-29T20:31:04+01
40.7611220997,-73.9639252424,2010-09-29T20:11:59+01
40.7595737,-73.9616398,2010-09-29T20:11:15+01
40.7490532543,-73.9680397511,2010-09-29T20:08:36+01
40.7441438178,-73.9740371704,2010-09-29T15:37:19+01
40.7444201864,-73.9872121811,2010-09-29T12:44:39+01
40.7439581512,-73.9741170173,2010-09-28T19:06:16+01
40.7444201864,-73.9872121811,2010-09-28T16:02:11+01
40.735844095,-73.9903879166,2010-09-28T13:46:56+01
40.7230848,-73.98715502,2010-09-28T13:42:41+01
40.722619206,-73.988746898,2010-09-28T13:00:17+01
40.71924,-73.997362,2010-09-28T12:57:26+01
40.74137425,-73.9881052167,2010-09-27T22:32:48+01
40.7422010764,-73.9879953861,2010-09-27T22:31:25+01
40.7444201864,-73.9872121811,2010-09-27T22:30:42+01
40.743874309,-73.9871720907,2010-09-27T22:12:19+01
40.7444201864,-73.9872121811,2010-09-27T15:39:42+01
40.743874309,-73.9871720907,2010-09-27T15:37:46+01
40.7402664072,-73.9785754681,2010-09-27T15:19:29+01
40.726303162,-74.002009307,2010-09-26T01:22:59+01
40.7244292691,-74.0009880066,2010-09-26T01:18:28+01
40.7031162833,-73.9919446,2010-09-25T23:16:19+01
40.705823135,-73.9966964722,2010-09-25T23:15:20+01
40.7120081372,-74.0095764399,2010-09-25T22:30:11+01
40.7117428,-74.0083068667,2010-09-25T22:29:09+01
40.7452492854,-73.9755928516,2010-09-25T17:46:16+01
40.7446906667,-73.9731436,2010-09-25T14:12:05+01
40.74166536,-73.98456561,2010-09-25T00:08:40+01
40.7444201864,-73.9872121811,2010-09-24T19:01:52+01
40.743874309,-73.9871720907,2010-09-24T18:52:42+01
40.7444201864,-73.9872121811,2010-09-24T15:44:46+01
40.743874309,-73.9871720907,2010-09-24T15:43:52+01
40.7402664072,-73.9785754681,2010-09-24T13:52:04+01
40.7443825333,-73.9783781667,2010-09-24T13:47:31+01
40.7444201864,-73.9872121811,2010-09-23T22:37:41+01
40.7444201864,-73.9872121811,2010-09-23T18:51:00+01
40.7442738737,-73.9878344536,2010-09-23T18:26:51+01
40.7444201864,-73.9872121811,2010-09-23T15:42:45+01
40.743874309,-73.9871720907,2010-09-23T15:38:36+01
40.743874309,-73.9871720907,2010-09-23T15:36:34+01
40.7432638,-73.9857402,2010-09-23T15:32:39+01
40.7402664072,-73.9785754681,2010-09-23T13:42:03+01
40.74281535,-73.9780476333,2010-09-23T13:34:21+01
40.7443825333,-73.9783781667,2010-09-23T12:59:06+01
40.7449647918,-73.9769232273,2010-09-23T12:26:52+01
40.7447417167,-73.97547655,2010-09-22T22:35:14+01
40.7446906667,-73.9731436,2010-09-22T22:34:21+01
40.7460160667,-73.9746040167,2010-09-22T22:33:09+01
40.7492099,-73.9729334,2010-09-22T22:28:54+01
40.7520031352,-73.9713696221,2010-09-22T22:27:58+01
40.750903,-73.9732728167,2010-09-22T22:27:45+01
40.7512395833,-73.9728199333,2010-09-22T22:27:34+01
40.7504102667,-73.9722274667,2010-09-22T22:27:23+01
40.756329217,-73.969253383,2010-09-22T22:26:38+01
40.7534096694,-73.9699280262,2010-09-22T22:26:17+01
40.7586296,-73.9690235,2010-09-22T22:25:29+01
40.7687207949,-73.9624171285,2010-09-22T22:12:11+01
40.76861208,-73.96594458,2010-09-22T22:12:01+01
40.7687207949,-73.9624171285,2010-09-22T22:11:33+01
40.7732892,-73.96420955,2010-09-22T22:10:56+01
40.7794688333,-73.9596795833,2010-09-22T22:09:45+01
40.7785821833,-73.9587962667,2010-09-22T22:09:24+01
40.7792090733,-73.9630508423,2010-09-22T22:08:20+01
40.7829298615,-73.9589846134,2010-09-22T22:05:46+01
40.7812285333,-73.9604115333,2010-09-22T22:05:00+01
40.7795851667,-73.9558870833,2010-09-22T22:04:16+01
40.7840073,-73.9583086833,2010-09-22T20:57:56+01
40.7805414319,-73.9668273926,2010-09-22T20:57:31+01
40.7638606505,-73.9729321003,2010-09-22T20:51:25+01
40.7641374167,-73.9715508833,2010-09-22T20:50:55+01
40.763964227,-73.973090902,2010-09-22T20:50:37+01
40.7587884386,-73.9755269416,2010-09-22T20:48:20+01
40.7590024913,-73.9761569226,2010-09-22T20:48:00+01
40.7602525659,-73.9750778675,2010-09-22T20:47:20+01
40.757245867,-73.975271433,2010-09-22T20:46:12+01
40.757124,-73.977621,2010-09-22T20:45:44+01
40.7527919861,-73.9772558212,2010-09-22T20:43:55+01
40.75305312,-73.9793989,2010-09-22T20:43:38+01
40.74497103,-73.9843831,2010-09-22T20:40:30+01
40.7444201864,-73.9872121811,2010-09-22T18:49:18+01
40.743874309,-73.9871720907,2010-09-22T18:32:50+01
40.7444201864,-73.9872121811,2010-09-22T14:06:16+01
40.7443825333,-73.9783781667,2010-09-22T12:48:46+01
40.7444201864,-73.9872121811,2010-09-21T21:52:08+01
40.744439528,-73.987544623,2010-09-21T19:52:58+01
40.7444240755,-73.9869633326,2010-09-21T19:52:34+01
40.7444201864,-73.9872121811,2010-09-21T16:57:21+01
40.743874309,-73.9871720907,2010-09-21T15:36:52+01
40.7402664072,-73.9785754681,2010-09-21T14:00:35+01
40.7449647918,-73.9769232273,2010-09-21T13:00:46+01
40.7443825333,-73.9783781667,2010-09-20T19:47:55+01
40.743874309,-73.9871720907,2010-09-20T18:04:35+01
40.743874309,-73.9871720907,2010-09-20T17:14:03+01
40.7444201864,-73.9872121811,2010-09-20T17:09:19+01
40.7444201864,-73.9872121811,2010-09-20T13:55:20+01
40.7443825333,-73.9783781667,2010-09-20T13:41:46+01
40.7479421,-73.9824845333,2010-09-19T19:19:23+01
40.748224,-73.983568,2010-09-19T19:18:47+01
40.7484436586,-73.9857316017,2010-09-19T19:12:11+01
40.7499798292,-73.9878129959,2010-09-19T19:10:12+01
40.750613794,-73.993434906,2010-09-19T19:09:08+01
40.7503537066,-73.9929306507,2010-09-19T18:58:23+01
40.750267703,-73.994422551,2010-09-14T13:18:11+01
40.7503537066,-73.9929306507,2010-09-14T13:17:00+01
40.750613794,-73.993434906,2010-09-14T13:05:08+01
40.7484436586,-73.9857316017,2010-09-14T12:59:40+01
40.7439581512,-73.9741170173,2010-09-13T23:51:30+01
40.7444201864,-73.9872121811,2010-09-13T22:36:17+01
40.743874309,-73.9871720907,2010-09-13T18:20:32+01
40.7444201864,-73.9872121811,2010-09-13T17:33:27+01
40.7402664072,-73.9785754681,2010-09-13T13:51:22+01
40.7443825333,-73.9783781667,2010-09-13T13:42:19+01
40.7449647918,-73.9769232273,2010-09-12T17:16:57+01
40.7490894,-73.977759367,2010-09-12T03:40:06+01
40.7515076167,-73.9755,2010-09-12T03:29:00+01
40.7449647918,-73.9769232273,2010-09-11T21:36:35+01
40.7444515236,-73.9759455746,2010-09-11T20:14:00+01
40.74497103,-73.9843831,2010-09-11T04:01:02+01
40.744908792,-73.970374177,2010-09-11T02:35:32+01
40.7432638,-73.9857402,2010-09-10T22:39:50+01
40.7444201864,-73.9872121811,2010-09-10T22:39:03+01
40.743874309,-73.9871720907,2010-09-10T18:12:38+01
40.7444201864,-73.9872121811,2010-09-10T17:16:56+01
40.7436286667,-73.9882177167,2010-09-10T15:59:49+01
40.7422715833,-73.9836658,2010-09-10T15:55:02+01
40.7402664072,-73.9785754681,2010-09-10T14:09:33+01
40.7441438178,-73.9740371704,2010-09-10T02:01:13+01
40.74695265,-73.9857679833,2010-09-10T00:18:50+01
40.741388197,-73.9894545078,2010-09-09T22:34:40+01
40.7444201864,-73.9872121811,2010-09-09T16:26:56+01
40.74343621,-73.98380869,2010-09-09T15:20:21+01
40.7441438178,-73.9740371704,2010-09-09T05:54:38+01
40.74459275,-73.97665565,2010-09-09T02:36:51+01
40.7474439094,-73.9813542366,2010-09-09T00:25:16+01
40.766030283,-73.951860666,2010-09-08T22:14:45+01
40.7653314576,-73.9518284798,2010-09-08T22:14:12+01
40.7692236575,-73.9494359493,2010-09-08T22:12:55+01
40.7794688333,-73.9596795833,2010-09-08T21:07:44+01
40.7805414319,-73.9668273926,2010-09-08T21:06:19+01
40.7527919861,-73.9772558212,2010-09-08T21:04:59+01
40.7516947714,-73.9766013622,2010-09-08T20:57:33+01
40.7527919861,-73.9772558212,2010-09-08T20:57:15+01
40.7444201864,-73.9872121811,2010-09-08T16:35:59+01
40.7402664072,-73.9785754681,2010-09-08T13:49:39+01
40.7443825333,-73.9783781667,2010-09-08T13:05:20+01
40.7439581512,-73.9741170173,2010-09-08T01:22:28+01
40.7525075248,-73.9693272114,2010-09-08T00:21:38+01
40.7527919861,-73.9772558212,2010-09-07T18:01:21+01
40.7532308669,-73.982180357,2010-09-07T18:00:36+01
40.7578308137,-73.9864182472,2010-09-07T18:00:09+01
40.7538160368,-73.983618021,2010-09-07T17:58:53+01
40.7573838364,-73.9856350422,2010-09-07T17:52:06+01
40.7568799674,-73.9862251282,2010-09-07T17:51:36+01
40.7546496642,-73.9748416361,2010-09-07T17:37:23+01
40.7525075248,-73.9693272114,2010-09-07T17:31:08+01
40.749158917,-73.9814400673,2010-09-07T16:36:29+01
40.7402664072,-73.9785754681,2010-09-07T13:43:07+01
40.7444201864,-73.9872121811,2010-09-07T12:44:17+01
40.743549884,-73.973515044,2010-09-06T23:42:03+01
40.7451515337,-73.9708859174,2010-09-06T23:00:57+01
40.744908792,-73.970374177,2010-09-06T22:49:07+01
40.7446906667,-73.9731436,2010-09-06T22:41:19+01
40.7527919861,-73.9772558212,2010-09-06T21:10:32+01
40.7446906667,-73.9731436,2010-09-06T15:03:20+01
40.7439581512,-73.9741170173,2010-09-06T05:03:13+01
40.7484436586,-73.9857316017,2010-09-06T03:21:39+01
40.7446906667,-73.9731436,2010-09-05T23:21:07+01
40.7490532543,-73.9680397511,2010-09-05T21:20:27+01
40.7445746272,-73.9762687683,2010-09-05T20:28:39+01
40.7432873937,-73.977026193,2010-09-05T20:19:51+01
40.7452492854,-73.9755928516,2010-09-05T19:09:36+01
40.7423799085,-73.9663982391,2010-09-05T17:51:25+01
40.7445014711,-73.9736509323,2010-09-05T16:22:20+01
40.7446906667,-73.9731436,2010-09-05T14:05:46+01
40.7439581512,-73.9741170173,2010-09-05T06:13:39+01
40.7423799085,-73.9663982391,2010-09-05T05:25:12+01
40.7446906667,-73.9731436,2010-09-04T22:33:16+01
40.7438032667,-73.9734839667,2010-09-04T21:46:54+01
40.7441692833,-73.97586725,2010-09-04T18:52:34+01
40.7443825333,-73.9783781667,2010-09-04T18:36:15+01
40.7439581512,-73.9741170173,2010-09-03T20:23:17+01
40.7427340833,-73.9779031667,2010-09-03T18:04:38+01
40.743802,-73.979434,2010-09-03T17:22:26+01
40.7452492854,-73.9755928516,2010-09-03T15:04:13+01
40.7441438178,-73.9740371704,2010-09-03T01:20:32+01
40.705823135,-73.9966964722,2010-09-02T23:25:18+01
40.7117428,-74.0083068667,2010-09-02T23:24:51+01
40.7123678333,-74.0081857667,2010-09-02T23:21:06+01
40.7118758796,-74.0076751661,2010-09-02T21:12:24+01
40.71529745,-74.0039041167,2010-09-02T21:00:57+01
40.715474073,-74.003014347,2010-09-02T21:00:24+01
40.7209639925,-73.9982588972,2010-09-02T20:59:17+01
40.7245878217,-73.9964282513,2010-09-02T20:56:10+01
40.7247280795,-73.9963370562,2010-09-02T20:55:42+01
40.725385455,-73.997615098,2010-09-02T20:55:26+01
40.7251922332,-73.9967116688,2010-09-02T20:55:05+01
40.71924,-73.997362,2010-09-02T20:54:58+01
40.7290823667,-73.9940491167,2010-09-02T20:53:33+01
40.7285271242,-73.9968681335,2010-09-02T20:52:18+01
40.7359822967,-73.9902806282,2010-09-02T20:46:31+01
40.7383583798,-73.9899529121,2010-09-02T20:45:32+01
40.7444201864,-73.9872121811,2010-09-02T17:23:47+01
40.741228183,-73.981272667,2010-09-02T17:17:49+01
40.7527919861,-73.9772558212,2010-09-02T05:14:25+01
40.7408072098,-74.0058821774,2010-09-02T01:04:54+01
40.7421580397,-73.9953449411,2010-09-01T23:47:39+01
40.741388197,-73.9894545078,2010-09-01T23:34:54+01
40.741388197,-73.9894545078,2010-09-01T23:34:54+01
40.7442251028,-73.9874696732,2010-09-01T22:00:09+01
40.75315231,-73.98149579,2010-09-01T21:28:51+01
40.7534909431,-73.9809465408,2010-09-01T21:28:25+01
40.7532308669,-73.982180357,2010-09-01T21:28:08+01
40.7560309167,-73.9775487333,2010-09-01T21:27:28+01
40.7554171004,-73.9790904522,2010-09-01T21:27:01+01
40.7587125693,-73.9785754681,2010-09-01T21:26:22+01
40.7589344285,-73.9771699905,2010-09-01T21:25:00+01
40.7612683753,-73.9769017696,2010-09-01T21:23:49+01
40.7602525659,-73.9750778675,2010-09-01T21:23:28+01
40.7638606505,-73.9729321003,2010-09-01T21:22:54+01
40.7645530667,-73.9731506333,2010-09-01T21:22:07+01
40.7650633018,-73.9725995064,2010-09-01T21:21:37+01
40.7685248659,-73.9706146717,2010-09-01T21:19:20+01
40.7707886167,-73.96734525,2010-09-01T21:18:21+01
40.7725969667,-73.9669950667,2010-09-01T21:17:57+01
40.76887387,-73.96291244,2010-09-01T21:17:08+01
40.7732892,-73.96420955,2010-09-01T21:16:49+01
40.7805414319,-73.9668273926,2010-09-01T20:59:23+01
40.7422010764,-73.9879953861,2010-09-01T20:47:52+01
40.7444201864,-73.9872121811,2010-09-01T20:47:13+01
40.7426215667,-73.9876467,2010-09-01T20:46:48+01
40.743874309,-73.9871720907,2010-09-01T18:25:19+01
40.7444201864,-73.9872121811,2010-09-01T16:48:11+01
40.741804083,-73.978890767,2010-09-01T16:26:38+01
40.7432873937,-73.977026193,2010-09-01T16:09:56+01
40.7439581512,-73.9741170173,2010-09-01T04:49:08+01
40.7457360833,-73.9723638333,2010-08-31T21:04:13+01
40.74882441,-73.9758597,2010-08-31T21:03:45+01
40.7494899333,-73.9789002333,2010-08-31T20:46:33+01
40.7573838364,-73.9856350422,2010-08-31T20:35:52+01
40.75616085,-73.9836741333,2010-08-31T20:28:02+01
40.7569964019,-73.9843753786,2010-08-31T20:27:24+01
40.7568799674,-73.9862251282,2010-08-31T20:26:54+01
40.75100362,-73.97451752,2010-08-31T20:18:13+01
40.7515076167,-73.9755,2010-08-31T20:17:41+01
40.7446906667,-73.9731436,2010-08-31T18:18:15+01
40.7439581512,-73.9741170173,2010-08-31T15:38:51+01
40.7449647918,-73.9769232273,2010-08-31T13:31:11+01
40.7439581512,-73.9741170173,2010-08-30T20:41:25+01
40.7449647918,-73.9769232273,2010-08-30T15:04:46+01
40.7441438178,-73.9740371704,2010-08-30T01:13:25+01
40.743784667,-73.976191117,2010-08-30T00:06:39+01
40.7440381471,-73.9708614349,2010-08-29T23:38:00+01
40.7440787897,-73.9740586281,2010-08-29T21:16:11+01
40.7441692833,-73.97586725,2010-08-29T19:54:43+01
40.7460160667,-73.9746040167,2010-08-29T19:41:48+01
40.7449647918,-73.9769232273,2010-08-29T18:04:34+01
40.7423799085,-73.9663982391,2010-08-29T16:34:24+01
40.7441438178,-73.9740371704,2010-08-29T05:44:39+01
40.7443821667,-73.97479485,2010-08-29T02:19:25+01
40.7479421,-73.9824845333,2010-08-29T01:00:48+01
40.749158917,-73.9814400673,2010-08-28T23:36:27+01
40.7449647918,-73.9769232273,2010-08-28T20:22:33+01
40.7440381471,-73.9708614349,2010-08-28T19:29:47+01
40.7423799085,-73.9663982391,2010-08-28T19:18:35+01
40.7461027589,-73.9820194244,2010-08-28T03:39:50+01
40.7431033608,-73.98427248,2010-08-27T23:44:43+01
40.7444201864,-73.9872121811,2010-08-27T23:14:38+01
40.743874309,-73.9871720907,2010-08-27T17:57:02+01
40.7484436586,-73.9857316017,2010-08-27T16:50:31+01
40.74250197,-73.98529487,2010-08-27T16:32:34+01
40.7440381471,-73.9708614349,2010-08-27T03:35:19+01
40.7437292626,-73.9815044403,2010-08-27T01:02:51+01
40.7444201864,-73.9872121811,2010-08-27T00:52:25+01
40.7422010764,-73.9879953861,2010-08-26T21:25:23+01
40.743874309,-73.9871720907,2010-08-26T21:16:15+01
40.743874309,-73.9871720907,2010-08-26T21:13:57+01
40.7444201864,-73.9872121811,2010-08-26T16:11:54+01
40.743613049,-73.986232434,2010-08-26T15:57:16+01
40.74497103,-73.9843831,2010-08-26T15:53:11+01
40.7449647918,-73.9769232273,2010-08-26T13:24:17+01
40.7441438178,-73.9740371704,2010-08-26T04:29:11+01
40.7527919861,-73.9772558212,2010-08-26T04:08:27+01
40.7516598667,-73.9755821167,2010-08-26T03:20:56+01
40.7443821667,-73.97479485,2010-08-26T00:15:17+01
40.741388197,-73.9894545078,2010-08-25T23:47:32+01
40.7444201864,-73.9872121811,2010-08-25T17:38:27+01
40.7443825333,-73.9783781667,2010-08-25T16:53:48+01
40.7445014711,-73.9736509323,2010-08-25T14:04:09+01
40.7441438178,-73.9740371704,2010-08-25T03:31:52+01
40.7438032667,-73.9734839667,2010-08-24T21:00:12+01
40.7446906667,-73.9731436,2010-08-24T15:55:45+01
40.744506652,-73.976263456,2010-08-24T15:19:43+01
40.7449647918,-73.9769232273,2010-08-24T14:00:14+01
40.7439581512,-73.9741170173,2010-08-24T02:06:31+01
40.7452492854,-73.9755928516,2010-08-23T23:00:07+01
40.7439581512,-73.9741170173,2010-08-23T16:57:09+01
40.7443825333,-73.9783781667,2010-08-23T14:53:09+01
40.7439581512,-73.9741170173,2010-08-23T06:04:24+01
40.7441692833,-73.97586725,2010-08-22T22:28:55+01
40.7527919861,-73.9772558212,2010-08-22T18:06:38+01
40.7484436586,-73.9857316017,2010-08-22T15:14:39+01
40.7439581512,-73.9741170173,2010-08-22T02:14:51+01
40.7423799085,-73.9663982391,2010-08-21T23:36:15+01
40.7441692833,-73.97586725,2010-08-21T22:54:32+01
40.7439581512,-73.9741170173,2010-08-21T21:26:56+01
40.7422254626,-73.9800345898,2010-08-21T19:56:31+01
40.741804083,-73.978890767,2010-08-21T19:49:09+01
40.7445746272,-73.9762687683,2010-08-21T19:21:28+01
40.7440787897,-73.9740586281,2010-08-20T20:09:46+01
40.7441438178,-73.9740371704,2010-08-20T16:25:19+01
40.7449647918,-73.9769232273,2010-08-20T14:47:16+01
40.7439581512,-73.9741170173,2010-08-19T23:15:34+01
40.7441692833,-73.97586725,2010-08-19T21:38:28+01
40.7449647918,-73.9769232273,2010-08-19T19:01:47+01
40.74882441,-73.9758597,2010-08-19T17:59:09+01
40.7440642,-73.9539718,2010-08-19T17:56:32+01
40.7422595833,-73.9542519833,2010-08-19T17:56:19+01
40.7419932,-73.9537935167,2010-08-19T17:56:11+01
40.7415798833,-73.9438129,2010-08-19T17:52:02+01
40.7347224667,-73.8618904,2010-08-19T17:46:34+01
40.7441818667,-73.8452482167,2010-08-19T17:45:47+01
40.7473113833,-73.84211725,2010-08-19T17:44:44+01
40.7464278888,-73.8450872898,2010-08-19T17:44:17+01
40.701138254,-73.8149768114,2010-08-19T17:38:57+01
40.64494532,-73.737226007,2010-08-19T17:28:59+01
40.586670433,-73.726676017,2010-08-19T17:16:50+01
40.586670433,-73.726676017,2010-08-16T15:38:30+01
40.5932950584,-73.7372732162,2010-08-16T15:37:34+01
40.5932950584,-73.7372732162,2010-08-16T15:37:07+01
40.6430053298,-73.782248497,2010-08-16T15:22:34+01
40.7100237941,-73.8194990158,2010-08-16T15:18:49+01
40.7457360833,-73.9723638333,2010-08-16T15:03:55+01
40.7439581512,-73.9741170173,2010-08-15T21:59:57+01
40.7445855167,-73.97766045,2010-08-15T21:43:27+01
40.73138237,-73.9823198318,2010-08-15T20:13:37+01
40.723189233,-73.9890497,2010-08-15T20:10:30+01
40.724291267,-73.9919478,2010-08-15T20:09:04+01
40.72489755,-73.9955570333,2010-08-15T20:08:22+01
40.7216888333,-73.9974959333,2010-08-15T20:01:13+01
40.722344105,-73.996900958,2010-08-15T19:34:10+01
40.7215857667,-73.99541595,2010-08-15T17:32:36+01
40.71924,-73.997362,2010-08-15T17:25:32+01
40.732157,-73.984476,2010-08-15T17:21:55+01
40.7341565833,-73.98413505,2010-08-15T17:20:19+01
40.7440381471,-73.9708614349,2010-08-15T16:47:55+01
40.7492506667,-73.9698997833,2010-08-15T15:53:31+01
40.7441438178,-73.9740371704,2010-08-15T13:56:19+01
40.7441438178,-73.9740371704,2010-08-15T03:44:46+01
40.74628078,-73.97991645,2010-08-14T22:48:41+01
40.7472264167,-73.9781398333,2010-08-14T22:07:47+01
40.7446906667,-73.9731436,2010-08-14T21:04:38+01
40.7423799085,-73.9663982391,2010-08-14T20:23:56+01
40.7449647918,-73.9769232273,2010-08-14T16:17:41+01
40.7428595014,-73.9768588543,2010-08-13T22:30:15+01
40.7426678323,-73.9868967848,2010-08-13T22:07:29+01
40.7444201864,-73.9872121811,2010-08-13T22:06:17+01
40.7444201864,-73.9872121811,2010-08-13T18:06:57+01
40.743874309,-73.9871720907,2010-08-13T17:54:28+01
40.7443825333,-73.9783781667,2010-08-13T16:06:02+01
40.7474439094,-73.9813542366,2010-08-13T01:14:42+01
40.7438032667,-73.9734839667,2010-08-13T00:07:19+01
40.712202217,-73.967233867,2010-08-12T23:34:43+01
40.71650884,-73.96861841,2010-08-12T23:34:22+01
40.7088369,-73.9699333167,2010-08-12T23:34:07+01
40.71248525,-73.978308117,2010-08-12T23:33:13+01
40.7116869667,-73.9784546,2010-08-12T23:32:57+01
40.7136549344,-73.9725887775,2010-08-12T23:32:32+01
40.710832,-73.988508,2010-08-12T23:32:11+01
40.7067340458,-73.9904308319,2010-08-12T23:24:41+01
40.705823135,-73.9966964722,2010-08-12T23:21:02+01
40.7104611333,-74.00420665,2010-08-12T23:17:03+01
40.7102637076,-74.0077579021,2010-08-12T23:16:36+01
40.7129097833,-74.0040014167,2010-08-12T23:16:19+01
40.7128173093,-74.0059769154,2010-08-12T23:16:05+01
40.7114911,-74.00212525,2010-08-12T23:15:44+01
40.71476143,-74.00844502,2010-08-12T23:11:45+01
40.712402559,-74.0067601204,2010-08-12T23:11:14+01
40.7118758796,-74.0076751661,2010-08-12T20:56:27+01
40.7114130759,-74.0081229865,2010-08-12T20:55:59+01
40.7120447331,-74.0095871687,2010-08-12T20:55:26+01
40.7120081372,-74.0095764399,2010-08-12T20:55:18+01
40.7123678333,-74.0081857667,2010-08-12T20:54:58+01
40.7117428,-74.0083068667,2010-08-12T20:54:47+01
40.7070708167,-74.0119528667,2010-08-12T20:52:37+01
40.7190166905,-74.0019759908,2010-08-12T20:51:52+01
40.7227715926,-73.9980943053,2010-08-12T20:50:26+01
40.7244292691,-74.0009880066,2010-08-12T20:47:13+01
40.7245878217,-73.9964282513,2010-08-12T20:46:34+01
40.725385455,-73.997615098,2010-08-12T20:45:45+01
40.7252125896,-73.9956884754,2010-08-12T20:44:52+01
40.72580546,-73.99609208,2010-08-12T20:44:22+01
40.72591531,-73.99601364,2010-08-12T20:43:50+01
40.71924,-73.997362,2010-08-12T20:43:18+01
40.7289500499,-73.9953539898,2010-08-12T20:42:00+01
40.736811501,-73.9894759655,2010-08-12T20:38:45+01
40.741388197,-73.9894545078,2010-08-12T20:36:17+01
40.7444201864,-73.9872121811,2010-08-12T17:03:17+01
40.745738657,-73.983961358,2010-08-12T16:32:55+01
40.74603163,-73.983733569,2010-08-12T16:31:39+01
40.7449647918,-73.9769232273,2010-08-12T14:19:13+01
40.7443825333,-73.9783781667,2010-08-12T14:03:25+01
40.7444201864,-73.9872121811,2010-08-11T22:30:31+01
40.7479421,-73.9824845333,2010-08-11T22:30:17+01
40.7506056663,-73.9892935753,2010-08-11T22:30:01+01
40.7484436586,-73.9857316017,2010-08-11T22:29:31+01
40.7484436586,-73.9857316017,2010-08-11T22:28:45+01
40.7499798292,-73.9878129959,2010-08-11T22:28:16+01
40.750613794,-73.993434906,2010-08-11T22:22:23+01
40.750267703,-73.994422551,2010-08-11T13:30:20+01
40.750613794,-73.993434906,2010-08-11T13:20:48+01
40.7503537066,-73.9929306507,2010-08-11T13:16:00+01
40.7484436586,-73.9857316017,2010-08-11T12:44:58+01
40.7461027589,-73.9820194244,2010-08-11T03:29:31+01
40.749158917,-73.9814400673,2010-08-10T23:45:53+01
40.7422010764,-73.9879953861,2010-08-10T23:17:38+01
40.7444201864,-73.9872121811,2010-08-10T23:16:25+01
40.7444201864,-73.9872121811,2010-08-10T19:25:08+01
40.743874309,-73.9871720907,2010-08-10T18:21:39+01
40.7444201864,-73.9872121811,2010-08-10T15:45:38+01
40.7449647918,-73.9769232273,2010-08-10T13:48:09+01
40.7443825333,-73.9783781667,2010-08-10T00:54:42+01
40.7465293915,-73.9860248415,2010-08-10T00:40:31+01
40.749158917,-73.9814400673,2010-08-10T00:07:26+01
40.735844095,-73.9903879166,2010-08-10T00:06:46+01
40.7432638,-73.9857402,2010-08-10T00:05:13+01
40.7444201864,-73.9872121811,2010-08-09T23:32:40+01
40.7474439094,-73.9813542366,2010-08-09T23:32:20+01
40.7386414777,-73.9829193409,2010-08-09T19:50:18+01
40.7386414777,-73.9829193409,2010-08-09T19:50:05+01
40.739294,-73.983188,2010-08-09T19:48:57+01
40.74166536,-73.98456561,2010-08-09T19:47:42+01
40.7422010764,-73.9879953861,2010-08-09T18:38:24+01
40.7449647918,-73.9769232273,2010-08-09T16:07:52+01
40.7515076167,-73.9755,2010-08-09T13:45:02+01
40.7527919861,-73.9772558212,2010-08-09T04:04:40+01
40.7484436586,-73.9857316017,2010-08-09T03:16:05+01
40.7441438178,-73.9740371704,2010-08-09T02:53:18+01
40.7446906667,-73.9731436,2010-08-08T22:00:47+01
40.7472264167,-73.9781398333,2010-08-08T21:06:51+01
40.7441692833,-73.97586725,2010-08-08T20:14:30+01
40.7439581512,-73.9741170173,2010-08-08T15:16:24+01
40.7440787897,-73.9740586281,2010-08-08T13:58:13+01
40.7439581512,-73.9741170173,2010-08-08T02:55:57+01
40.7441692833,-73.97586725,2010-08-07T22:41:57+01
40.7446906667,-73.9731436,2010-08-07T21:27:16+01
40.7516947714,-73.9766013622,2010-08-07T20:39:21+01
40.7534909431,-73.9809465408,2010-08-07T20:37:49+01
40.7532308669,-73.982180357,2010-08-07T20:37:06+01
40.7538160368,-73.983618021,2010-08-07T20:36:17+01
40.7538160368,-73.983618021,2010-08-07T20:36:09+01
40.7568799674,-73.9862251282,2010-08-07T20:19:52+01
40.7558153285,-73.9835000038,2010-08-07T20:16:31+01
40.7558153285,-73.9835000038,2010-08-07T20:16:19+01
40.7536032833,-73.9770701,2010-08-07T20:14:50+01
40.7515076167,-73.9755,2010-08-07T20:12:58+01
40.7439581512,-73.9741170173,2010-08-07T18:03:33+01
40.746371233,-73.97898644,2010-08-07T16:26:57+01
40.7452492854,-73.9755928516,2010-08-07T15:55:26+01
40.7524912698,-73.9699172974,2010-08-06T22:09:06+01
40.7532389943,-73.9731252193,2010-08-06T21:48:28+01
40.7456978167,-73.97986225,2010-08-06T20:37:55+01
40.7450379474,-73.9793479443,2010-08-06T19:10:14+01
40.746371233,-73.97898644,2010-08-06T18:59:58+01
40.7449647918,-73.9769232273,2010-08-06T17:01:39+01
40.7527919861,-73.9772558212,2010-08-06T16:38:55+01
40.7444201864,-73.9872121811,2010-08-06T00:33:15+01
40.7444201864,-73.9872121811,2010-08-05T16:57:44+01
40.7441438178,-73.9740371704,2010-08-05T15:10:04+01
40.7446906667,-73.9731436,2010-08-05T00:29:18+01
40.7443825333,-73.9783781667,2010-08-04T23:26:34+01
40.744357601,-73.986365858,2010-08-04T23:13:25+01
40.7444201864,-73.9872121811,2010-08-04T22:40:59+01
40.743874309,-73.9871720907,2010-08-04T18:10:04+01
40.7444201864,-73.9872121811,2010-08-04T18:02:46+01
40.7444201864,-73.9872121811,2010-08-04T14:18:43+01
40.7534008,-73.97086167,2010-08-04T14:00:03+01
40.7515972403,-73.9669561386,2010-08-04T13:53:26+01
40.7524506324,-73.9683616161,2010-08-04T13:52:41+01
40.7439581512,-73.9741170173,2010-08-04T13:10:31+01
40.7439581512,-73.9741170173,2010-08-04T00:09:28+01
40.7537754002,-73.9734792709,2010-08-03T21:39:56+01
40.7533192,-73.97256839,2010-08-03T21:39:07+01
40.741388197,-73.9894545078,2010-08-03T21:28:15+01
40.7414044547,-73.9892506599,2010-08-03T21:27:59+01
40.74173355,-73.99013245,2010-08-03T21:27:07+01
40.7410677953,-73.9900449664,2010-08-03T21:26:48+01
40.7420385013,-73.9911174774,2010-08-03T21:25:41+01
40.74196332,-73.9907934,2010-08-03T21:25:33+01
40.74291068,-73.99161601,2010-08-03T21:24:51+01
40.7429245306,-73.9927911758,2010-08-03T21:24:29+01
40.742571982,-73.992313883,2010-08-03T21:23:52+01
40.74303543,-73.99276161,2010-08-03T21:23:32+01
40.74142813,-73.99387794,2010-08-03T21:22:22+01
40.74101965,-73.9941691167,2010-08-03T21:22:06+01
40.73970896,-73.99506878,2010-08-03T21:21:14+01
40.7358101833,-73.997381,2010-08-03T21:20:41+01
40.737063512,-73.9969432354,2010-08-03T21:20:21+01
40.737388686,-73.9968252182,2010-08-03T21:20:15+01
40.7302100987,-74.0020501614,2010-08-03T21:18:49+01
40.7255675875,-74.0042603016,2010-08-03T21:17:45+01
40.7253249667,-74.0042984333,2010-08-03T20:59:56+01
40.7253997833,-74.0029002,2010-08-03T20:59:38+01
40.7244292691,-74.0009880066,2010-08-03T20:59:29+01
40.7259090792,-73.9948001504,2010-08-03T20:54:45+01
40.71924,-73.997362,2010-08-03T20:54:17+01
40.72305542,-73.98902106,2010-08-03T20:53:46+01
40.7228904963,-73.9891433716,2010-08-03T20:53:15+01
40.72294688,-73.9888547,2010-08-03T20:52:57+01
40.72273635,-73.98872947,2010-08-03T20:52:35+01
40.723189233,-73.9890497,2010-08-03T20:52:11+01
40.723092595,-73.985250217,2010-08-03T20:51:10+01
40.7207363,-73.984231,2010-08-03T20:50:48+01
40.7216354895,-73.9818254193,2010-08-03T20:49:55+01
40.71650884,-73.96861841,2010-08-03T20:48:33+01
40.7136549344,-73.9725887775,2010-08-03T20:47:33+01
40.7440381471,-73.9708614349,2010-08-03T20:45:11+01
40.7423799085,-73.9663982391,2010-08-03T20:44:53+01
40.7449647918,-73.9769232273,2010-08-03T15:54:00+01
40.7460160667,-73.9746040167,2010-08-03T14:22:46+01
40.7534008,-73.97086167,2010-08-03T14:07:22+01
40.7534008,-73.97086167,2010-08-02T22:00:11+01
40.753556335,-73.970889577,2010-08-02T21:59:54+01
40.7511502211,-73.9764297009,2010-08-02T21:56:19+01
40.7492370369,-73.9765625389,2010-08-02T21:55:58+01
40.7515076167,-73.9755,2010-08-02T21:55:22+01
40.7496080674,-73.9770826806,2010-08-02T21:54:22+01
40.7501191469,-73.9765753496,2010-08-02T21:53:52+01
40.7496118372,-73.9758494479,2010-08-02T21:53:30+01
40.74882441,-73.9758597,2010-08-02T21:53:09+01
40.7499000644,-73.9783237096,2010-08-02T21:52:48+01
40.7513011096,-73.9796942693,2010-08-02T21:52:19+01
40.751118,-73.977535,2010-08-02T21:52:05+01
40.7510258612,-73.9782130779,2010-08-02T21:51:43+01
40.7444201864,-73.9872121811,2010-08-02T19:57:18+01
40.741388197,-73.9894545078,2010-08-02T19:52:31+01
40.7410677953,-73.9900449664,2010-08-02T18:40:28+01
40.7410677953,-73.9900449664,2010-08-02T18:39:48+01
40.7422010764,-73.9879953861,2010-08-02T18:36:12+01
40.7445383167,-73.97508115,2010-08-02T17:27:52+01
40.7449647918,-73.9769232273,2010-08-02T13:37:57+01
40.7441692833,-73.97586725,2010-08-02T02:33:35+01
40.7428595014,-73.9768588543,2010-08-01T20:44:16+01
40.7527919861,-73.9772558212,2010-08-01T20:06:20+01
40.7423799085,-73.9663982391,2010-08-01T18:24:16+01
40.7441438178,-73.9740371704,2010-08-01T14:01:04+01
40.7456978167,-73.97986225,2010-08-01T04:58:04+01
40.7428595014,-73.9768588543,2010-08-01T04:27:27+01
40.7452492854,-73.9755928516,2010-07-31T23:39:34+01
40.7439581512,-73.9741170173,2010-07-31T17:19:41+01
40.744058553,-73.976322049,2010-07-31T14:52:11+01
40.7534008,-73.97086167,2010-07-30T22:09:21+01
40.7537754002,-73.9734792709,2010-07-30T21:54:22+01
40.7533192,-73.97256839,2010-07-30T21:53:51+01
40.7515076167,-73.9755,2010-07-30T21:53:38+01
40.7507926035,-73.9755284786,2010-07-30T21:51:48+01
40.750309745,-73.974253199,2010-07-30T21:51:37+01
40.75100362,-73.97451752,2010-07-30T21:51:25+01
40.74989908,-73.98002862,2010-07-30T21:50:03+01
40.7479421,-73.9824845333,2010-07-30T21:49:30+01
40.7461027589,-73.9820194244,2010-07-30T21:49:06+01
40.7444201864,-73.9872121811,2010-07-30T21:48:11+01
40.7442251028,-73.9874696732,2010-07-30T19:32:55+01
40.743874309,-73.9871720907,2010-07-30T18:35:57+01
40.7444201864,-73.9872121811,2010-07-30T18:03:42+01
40.7460160667,-73.9746040167,2010-07-30T16:14:48+01
40.7449647918,-73.9769232273,2010-07-30T13:21:06+01
40.7441438178,-73.9740371704,2010-07-30T11:37:12+01
40.7446906667,-73.9731436,2010-07-30T04:16:32+01
40.7441438178,-73.9740371704,2010-07-30T02:22:40+01
40.7444201864,-73.9872121811,2010-07-29T22:27:46+01
40.7444201864,-73.9872121811,2010-07-29T16:26:37+01
40.7443825333,-73.9783781667,2010-07-29T15:42:35+01
40.7449647918,-73.9769232273,2010-07-29T13:41:31+01
40.7441438178,-73.9740371704,2010-07-28T23:23:05+01
40.7481708135,-73.9847062942,2010-07-28T18:38:53+01
40.7484436586,-73.9857316017,2010-07-28T18:36:55+01
40.7499798292,-73.9878129959,2010-07-28T18:36:14+01
40.7496139945,-73.9891253966,2010-07-28T18:35:45+01
40.7502207983,-73.9881914321,2010-07-28T18:35:19+01
40.7506056663,-73.9892935753,2010-07-28T18:34:51+01
40.7520729303,-73.9926409721,2010-07-28T18:32:31+01
40.7512008333,-73.9916848833,2010-07-28T18:31:59+01
40.7521001667,-73.9927144167,2010-07-28T18:31:35+01
40.750613794,-73.993434906,2010-07-28T18:30:34+01
40.7524262499,-73.9935529232,2010-07-28T18:26:53+01
40.767608643,-74.022018433,2010-07-28T18:16:50+01
40.7626417249,-74.0091848373,2010-07-28T18:16:05+01
40.7626417249,-74.0091848373,2010-07-28T18:15:11+01
40.767608643,-74.022018433,2010-07-23T13:37:03+01
40.7626417249,-74.0091848373,2010-07-23T13:36:39+01
40.75638175,-73.99137264,2010-07-23T13:33:17+01
40.7560916486,-73.9902591705,2010-07-23T13:32:45+01
40.7561489068,-73.9917458081,2010-07-23T13:32:18+01
40.7555568903,-73.991347528,2010-07-23T13:30:58+01
40.75455,-73.992183,2010-07-23T13:30:06+01
40.76135647,-73.98647141,2010-07-23T13:29:23+01
40.7626417249,-74.0091848373,2010-07-23T13:28:09+01
40.7474767,-73.9977820833,2010-07-23T13:26:02+01
40.7439581512,-73.9741170173,2010-07-23T00:08:28+01
40.7427340833,-73.9779031667,2010-07-22T21:48:39+01
40.7452492854,-73.9755928516,2010-07-22T20:58:29+01
40.7437373912,-73.9797341824,2010-07-22T20:09:00+01
40.7415231943,-73.9834059331,2010-07-22T20:08:02+01
40.7449647918,-73.9769232273,2010-07-22T15:18:50+01
40.7439581512,-73.9741170173,2010-07-21T21:08:27+01
40.7457360833,-73.9723638333,2010-07-21T21:07:43+01
40.74882441,-73.9758597,2010-07-21T19:39:55+01
40.7494899333,-73.9789002333,2010-07-21T19:38:50+01
40.75002646,-73.97976917,2010-07-21T19:37:29+01
40.7532308669,-73.982180357,2010-07-21T18:58:42+01
40.7561079169,-73.982395201,2010-07-21T18:43:14+01
40.7558153285,-73.9835000038,2010-07-21T18:33:00+01
40.7573838364,-73.9856350422,2010-07-21T18:08:05+01
40.7568799674,-73.9862251282,2010-07-21T17:55:07+01
40.7538160368,-73.983618021,2010-07-21T17:54:08+01
40.7511502211,-73.9764297009,2010-07-21T17:49:16+01
40.7515076167,-73.9755,2010-07-21T17:48:39+01
40.7492099,-73.9729334,2010-07-21T17:47:21+01
40.7490532543,-73.9680397511,2010-07-21T15:02:07+01
40.7439581512,-73.9741170173,2010-07-21T03:56:54+01
40.7490532543,-73.9680397511,2010-07-20T22:24:06+01
40.7432873937,-73.977026193,2010-07-20T17:59:26+01
40.7427340833,-73.9779031667,2010-07-20T16:42:34+01
40.745365788,-73.977311872,2010-07-20T16:11:11+01
40.7449647918,-73.9769232273,2010-07-20T13:36:13+01
40.7446906667,-73.9731436,2010-07-20T11:32:23+01
40.7428595014,-73.9768588543,2010-07-20T01:01:13+01
40.7592691,-73.970360517,2010-07-19T20:53:48+01
40.7586597455,-73.970400095,2010-07-19T20:52:57+01
40.764266954,-73.9739835262,2010-07-19T20:49:21+01
40.7678179414,-73.9739942551,2010-07-19T19:56:48+01
40.7697916,-73.9700245833,2010-07-19T19:56:20+01
40.7702850167,-73.9724873833,2010-07-19T19:55:55+01
40.7692820333,-73.9693665167,2010-07-19T19:55:35+01
40.7652380095,-73.9726826549,2010-07-19T19:55:01+01
40.7681673419,-73.9816653728,2010-07-19T19:54:30+01
40.767623317,-73.972127433,2010-07-19T19:53:26+01
40.7651195667,-73.9733140667,2010-07-19T19:51:20+01
40.7672847833,-73.97557355,2010-07-19T19:50:25+01
40.7689762,-73.9743161167,2010-07-19T19:49:59+01
40.7681818667,-73.9711906833,2010-07-19T19:49:19+01
40.7668273,-73.9737433,2010-07-19T19:48:49+01
40.7678823833,-73.9711969167,2010-07-19T19:48:32+01
40.7724087538,-73.971580267,2010-07-19T19:47:05+01
40.7665584596,-73.973865509,2010-07-19T19:46:23+01
40.7697594,-73.9722990833,2010-07-19T19:45:46+01
40.7805414319,-73.9668273926,2010-07-19T19:44:53+01
40.7685248659,-73.9706146717,2010-07-19T18:53:18+01
40.7684111085,-73.9827811718,2010-07-19T18:52:25+01
40.7726869667,-73.9711328833,2010-07-19T18:50:28+01
40.7622110325,-73.9727175236,2010-07-19T18:45:54+01
40.75360888,-73.96635067,2010-07-19T18:42:00+01
40.7441692833,-73.97586725,2010-07-19T00:42:07+01
40.7428595014,-73.9768588543,2010-07-18T22:11:04+01
40.7439581512,-73.9741170173,2010-07-18T13:37:42+01
40.7440787897,-73.9740586281,2010-07-17T22:40:16+01
40.7446906667,-73.9731436,2010-07-17T22:27:55+01
40.7495720833,-73.9710515833,2010-07-17T21:03:02+01
40.7532308669,-73.982180357,2010-07-17T21:00:56+01
40.7573838364,-73.9856350422,2010-07-17T20:15:39+01
40.7568799674,-73.9862251282,2010-07-17T20:14:11+01
40.7534909431,-73.9809465408,2010-07-17T20:06:28+01
40.75305312,-73.9793989,2010-07-17T20:05:59+01
40.7516598667,-73.9755821167,2010-07-17T20:05:23+01
40.7511502211,-73.9764297009,2010-07-17T20:05:13+01
40.7515076167,-73.9755,2010-07-17T20:04:41+01
40.7527919861,-73.9772558212,2010-07-17T20:03:53+01
40.7516947714,-73.9766013622,2010-07-17T20:03:31+01
40.7490532543,-73.9680397511,2010-07-17T19:49:55+01
40.7444201864,-73.9872121811,2010-07-17T18:00:36+01
40.7527919861,-73.9772558212,2010-07-17T16:23:40+01
40.7484436586,-73.9857316017,2010-07-17T15:27:40+01
40.7439581512,-73.9741170173,2010-07-17T14:49:42+01
40.7423799085,-73.9663982391,2010-07-16T22:57:26+01
40.7428595014,-73.9768588543,2010-07-16T20:07:35+01
40.7439581512,-73.9741170173,2010-07-16T18:12:04+01
40.7452492854,-73.9755928516,2010-07-16T17:09:31+01
40.7443825333,-73.9783781667,2010-07-16T16:15:40+01
40.7449647918,-73.9769232273,2010-07-16T13:41:24+01
40.7443825333,-73.9783781667,2010-07-16T00:06:47+01
40.7437373912,-73.9797341824,2010-07-16T00:05:23+01
40.7422010764,-73.9879953861,2010-07-15T23:42:02+01
40.7484436586,-73.9857316017,2010-07-15T23:09:46+01
40.741388197,-73.9894545078,2010-07-15T23:09:12+01
40.7432638,-73.9857402,2010-07-15T14:44:34+01
40.7419061833,-73.9782422833,2010-07-15T02:01:31+01
40.7410774479,-73.9815132372,2010-07-15T00:49:31+01
40.7444201864,-73.9872121811,2010-07-14T22:32:03+01
40.7432638,-73.9857402,2010-07-14T22:30:12+01
40.7422715833,-73.9836658,2010-07-14T22:29:26+01
40.74250197,-73.98529487,2010-07-14T22:29:08+01
40.7424451333,-73.9837265,2010-07-14T22:28:52+01
40.7413556817,-73.9810752869,2010-07-14T22:28:16+01
40.741228183,-73.981272667,2010-07-14T22:28:02+01
40.7409275309,-73.9816363662,2010-07-14T22:27:03+01
40.73996561,-73.98194426,2010-07-14T22:26:25+01
40.739662174,-73.97937003,2010-07-14T22:25:59+01
40.738033033,-73.980424283,2010-07-14T22:25:34+01
40.73809415,-73.97777585,2010-07-14T22:24:15+01
40.7356195403,-73.9754120581,2010-07-14T22:24:01+01
40.7355693971,-73.9750437509,2010-07-14T22:23:41+01
40.74039912,-73.97658056,2010-07-14T22:23:24+01
40.7523368474,-73.965883255,2010-07-14T22:21:54+01
40.75703573,-73.96502971,2010-07-14T22:21:05+01
40.7785347597,-73.9443612099,2010-07-14T22:17:56+01
40.7760116167,-73.9431788667,2010-07-14T22:17:31+01
40.7797293737,-73.9498919319,2010-07-14T22:15:56+01
40.7822068425,-73.9544463158,2010-07-14T21:04:40+01
40.7622110325,-73.9727175236,2010-07-14T20:55:11+01
40.7444201864,-73.9872121811,2010-07-14T16:01:28+01
40.741228183,-73.981272667,2010-07-14T15:51:42+01
40.7449647918,-73.9769232273,2010-07-14T13:44:23+01
40.7441438178,-73.9740371704,2010-07-14T01:16:42+01
40.7490532543,-73.9680397511,2010-07-14T00:26:50+01
40.7443825333,-73.9783781667,2010-07-13T19:43:20+01
40.7443825333,-73.9783781667,2010-07-12T23:51:28+01
40.74557131,-73.98466134,2010-07-12T23:43:23+01
40.7442251028,-73.9874696732,2010-07-12T23:31:26+01
40.7444201864,-73.9872121811,2010-07-12T20:51:39+01
40.7424001833,-73.9869723667,2010-07-12T20:50:53+01
40.7422010764,-73.9879953861,2010-07-12T20:50:34+01
40.7432638,-73.9857402,2010-07-12T20:49:49+01
40.7442738737,-73.9878344536,2010-07-12T17:49:36+01
40.7444201864,-73.9872121811,2010-07-12T16:17:22+01
40.7449647918,-73.9769232273,2010-07-12T13:50:40+01
40.7443825333,-73.9783781667,2010-07-11T22:46:01+01
40.7449647918,-73.9769232273,2010-07-11T21:52:22+01
40.7446906667,-73.9731436,2010-07-11T19:26:41+01
40.746137,-73.98233,2010-07-11T17:06:14+01
40.7479421,-73.9824845333,2010-07-11T17:05:47+01
40.7444201864,-73.9872121811,2010-07-11T17:03:13+01
40.76135647,-73.98647141,2010-07-11T17:01:58+01
40.7573838364,-73.9856350422,2010-07-11T16:20:48+01
40.7568799674,-73.9862251282,2010-07-11T16:19:26+01
40.7500854904,-73.967717886,2010-07-11T16:06:56+01
40.7492076844,-73.9686834812,2010-07-11T16:05:38+01
40.7490532543,-73.9680397511,2010-07-11T16:04:14+01
40.7490532543,-73.9680397511,2010-07-11T00:44:08+01
40.7446906667,-73.9731436,2010-07-10T19:46:13+01
40.7439581512,-73.9741170173,2010-07-10T13:37:37+01
40.7446906667,-73.9731436,2010-07-09T23:33:05+01
40.7494312961,-73.9731733406,2010-07-09T23:07:49+01
40.7491952078,-73.9725446396,2010-07-09T23:07:27+01
40.74966192,-73.97285133,2010-07-09T23:06:17+01
40.7534008,-73.97086167,2010-07-09T22:21:36+01
40.7526934333,-73.9715610667,2010-07-09T22:20:46+01
40.7507926035,-73.9755284786,2010-07-09T22:17:15+01
40.74882441,-73.9758597,2010-07-09T22:16:24+01
40.7444201864,-73.9872121811,2010-07-09T20:25:23+01
40.743874309,-73.9871720907,2010-07-09T17:31:56+01
40.7444201864,-73.9872121811,2010-07-09T15:45:29+01
40.7442251028,-73.9874696732,2010-07-09T15:45:03+01
40.74250197,-73.98529487,2010-07-09T15:44:52+01
40.7329665855,-73.9581097111,2010-07-09T15:43:47+01
40.7277967542,-73.9571791466,2010-07-09T15:43:29+01
40.7304653076,-73.9543941554,2010-07-09T15:43:15+01
40.7319444444,-73.9542361111,2010-07-09T15:42:59+01
40.7290006281,-73.9536907084,2010-07-09T15:42:37+01
40.7290006281,-73.9536907084,2010-07-09T15:42:19+01
40.7294421064,-73.9540189569,2010-07-09T15:42:04+01
40.7315887858,-73.9544216771,2010-07-09T15:41:51+01
40.7334621029,-73.95652771,2010-07-09T15:41:42+01
40.7334525333,-73.9580409667,2010-07-09T15:41:20+01
40.7332055665,-73.9579542105,2010-07-09T15:41:07+01
40.734344933,-73.959387217,2010-07-09T15:40:50+01
40.732966865,-73.9581099836,2010-07-09T15:40:38+01
40.7290782,-73.96042395,2010-07-09T15:40:21+01
40.7292078044,-73.9572885311,2010-07-09T15:39:57+01
40.7297910667,-73.9609002167,2010-07-09T15:39:36+01
40.73102195,-73.95765575,2010-07-09T15:39:23+01
40.7298022084,-73.9583636804,2010-07-09T15:39:05+01
40.73009625,-73.95780035,2010-07-09T15:38:37+01
40.7432638,-73.9857402,2010-07-09T15:33:44+01
40.74238626,-73.9837505345,2010-07-09T15:32:35+01
40.7424451333,-73.9837265,2010-07-09T15:32:25+01
40.741228183,-73.981272667,2010-07-09T15:31:40+01
40.7424451333,-73.9837265,2010-07-08T23:34:33+01
40.743874309,-73.9871720907,2010-07-08T23:05:17+01
40.7444201864,-73.9872121811,2010-07-08T17:43:26+01
40.7449647918,-73.9769232273,2010-07-08T15:27:10+01
40.7441438178,-73.9740371704,2010-07-07T22:34:32+01
40.743320633,-73.973402783,2010-07-07T22:29:06+01
40.7445014711,-73.9736509323,2010-07-07T22:28:16+01
40.7423799085,-73.9663982391,2010-07-07T22:25:36+01
40.7440381471,-73.9708614349,2010-07-07T22:24:51+01
40.7535798167,-73.9636211333,2010-07-07T22:24:00+01
40.7685069706,-73.9522745051,2010-07-07T22:22:07+01
40.77165475,-73.9464560333,2010-07-07T22:21:12+01
40.7718887485,-73.9409172535,2010-07-07T22:20:42+01
40.7728353176,-73.9401850104,2010-07-07T22:20:23+01
40.7760116167,-73.9431788667,2010-07-07T22:19:21+01
40.7733631167,-73.9441252833,2010-07-07T22:18:31+01
40.77551025,-73.94430525,2010-07-07T22:13:57+01
40.77551025,-73.94430525,2010-07-07T22:13:33+01
40.7822068425,-73.9544463158,2010-07-07T22:06:38+01
40.7822068425,-73.9544463158,2010-07-07T22:06:15+01
40.7829379852,-73.9527618885,2010-07-07T21:04:20+01
40.7443825333,-73.9783781667,2010-07-07T17:58:04+01
40.742050686,-73.9810028673,2010-07-07T17:01:27+01
40.7426725418,-73.9758718014,2010-07-07T14:56:42+01
40.7405913,-73.9755930667,2010-07-07T14:55:44+01
40.7408524,-73.9785391333,2010-07-07T14:55:23+01
40.7399146938,-73.9797928783,2010-07-07T14:55:06+01
40.74039912,-73.97658056,2010-07-07T14:54:36+01
40.74039912,-73.97658056,2010-07-07T14:54:19+01
40.7444201864,-73.9872121811,2010-07-07T14:45:55+01
40.74250197,-73.98529487,2010-07-07T14:02:13+01
40.7431186833,-73.9801777833,2010-07-07T14:00:54+01
40.7424438,-73.9803510904,2010-07-07T14:00:32+01
40.7429570453,-73.9810752869,2010-07-07T13:59:44+01
40.7419061833,-73.9782422833,2010-07-07T13:58:29+01
40.741804083,-73.978890767,2010-07-07T13:57:32+01
40.7445014711,-73.9736509323,2010-07-07T13:55:07+01
40.7457360833,-73.9723638333,2010-07-07T13:54:07+01
40.7457360833,-73.9723638333,2010-07-07T13:53:51+01
40.7457360833,-73.9723638333,2010-07-07T13:53:12+01
40.7506723667,-73.9696573333,2010-07-07T13:52:13+01
40.7526934333,-73.9715610667,2010-07-07T13:51:56+01
40.7506050178,-73.9706141366,2010-07-07T13:51:19+01
40.7534008,-73.97086167,2010-07-07T13:49:59+01
40.7524506324,-73.9683616161,2010-07-07T13:30:56+01
40.7446906667,-73.9731436,2010-07-07T11:02:42+01
40.7439581512,-73.9741170173,2010-07-07T00:07:45+01
40.7534008,-73.97086167,2010-07-06T21:43:17+01
40.7548894769,-73.9727591321,2010-07-06T21:42:36+01
40.75439875,-73.9714314333,2010-07-06T21:41:55+01
40.752134517,-73.9719644217,2010-07-06T21:41:12+01
40.7520031352,-73.9713696221,2010-07-06T21:40:30+01
40.7534909431,-73.9742088318,2010-07-06T21:39:54+01
40.7537754002,-73.9734792709,2010-07-06T21:38:29+01
40.7526934333,-73.9715610667,2010-07-06T21:38:00+01
40.7494899333,-73.9789002333,2010-07-06T21:30:53+01
40.7479421,-73.9824845333,2010-07-06T21:30:19+01
40.7484151333,-73.9815712167,2010-07-06T21:29:26+01
40.7483134663,-73.9801429192,2010-07-06T21:29:09+01
40.749158917,-73.9814400673,2010-07-06T21:28:47+01
40.7332055665,-73.9579542105,2010-07-06T21:26:55+01
40.734344933,-73.959387217,2010-07-06T21:25:41+01
40.7444201864,-73.9872121811,2010-07-06T20:05:23+01
40.725260717,-73.978128267,2010-07-06T18:52:15+01
40.7287269831,-73.9779210091,2010-07-06T18:51:38+01
40.7449647918,-73.9769232273,2010-07-06T15:00:51+01
40.750903,-73.9732728167,2010-07-06T13:20:28+01
40.7534008,-73.97086167,2010-07-06T13:18:55+01
40.7534008,-73.97086167,2010-07-06T13:18:40+01
40.7423799085,-73.9663982391,2010-07-06T00:15:54+01
40.7449647918,-73.9769232273,2010-07-05T19:13:33+01
40.7423799085,-73.9663982391,2010-07-05T18:34:22+01
40.7423799085,-73.9663982391,2010-07-05T02:35:24+01
40.7444201864,-73.9872121811,2010-07-05T02:12:53+01
40.7422010764,-73.9879953861,2010-07-04T19:49:58+01
40.7466748804,-73.9797998218,2010-07-04T19:02:32+01
40.7472264167,-73.9781398333,2010-07-04T18:45:41+01
40.7441438178,-73.9740371704,2010-07-04T03:21:14+01
40.7449647918,-73.9769232273,2010-07-03T22:46:24+01
40.7455765762,-73.9823823501,2010-07-03T21:23:50+01
40.745387583,-73.982151833,2010-07-03T21:23:14+01
40.7461027589,-73.9820194244,2010-07-03T21:20:52+01
40.6849256978,-73.9776527882,2010-07-03T21:19:44+01
40.6839168585,-73.9771485329,2010-07-03T20:28:50+01
40.6829730917,-73.9761185646,2010-07-03T20:27:09+01
40.6788770996,-73.9736873348,2010-07-03T18:26:03+01
40.684380601,-73.9770627022,2010-07-03T17:59:03+01
40.6838680433,-73.9786720276,2010-07-03T17:58:19+01
40.68136084,-73.97640281,2010-07-03T17:56:30+01
40.7461027589,-73.9820194244,2010-07-03T17:22:45+01
40.7446906667,-73.9731436,2010-07-03T16:24:37+01
40.7443825333,-73.9783781667,2010-07-03T12:21:17+01
40.7441438178,-73.9740371704,2010-07-02T04:26:12+01
40.7443825333,-73.9783781667,2010-07-01T23:51:31+01
40.7429412333,-73.9828827167,2010-07-01T23:44:08+01
40.74166536,-73.98456561,2010-07-01T23:20:27+01
40.7442251028,-73.9874696732,2010-07-01T22:28:53+01
40.7427708667,-73.9890293667,2010-07-01T22:28:01+01
40.7458263973,-73.9882743359,2010-07-01T22:27:48+01
40.7444201864,-73.9872121811,2010-07-01T22:27:19+01
40.7390304833,-73.9887598,2010-07-01T20:14:56+01
40.7424087524,-73.984916687,2010-07-01T20:14:45+01
40.73838125,-73.9880529167,2010-07-01T20:14:34+01
40.7404518989,-73.9868170495,2010-07-01T20:14:22+01
40.7377707635,-73.9878880978,2010-07-01T20:14:16+01
40.7415039025,-73.9852748627,2010-07-01T20:14:02+01
40.7418987614,-73.9748755975,2010-07-01T20:13:51+01
40.7428595014,-73.9768588543,2010-07-01T20:13:39+01
40.74137425,-73.9881052167,2010-07-01T20:13:15+01
40.735496659,-73.9796943825,2010-07-01T20:11:10+01
40.7355693971,-73.9750437509,2010-07-01T20:10:17+01
40.729861391,-73.9575651974,2010-07-01T20:09:12+01
40.7414376986,-73.9842448642,2010-07-01T17:34:13+01
40.7409754978,-73.983706446,2010-07-01T17:32:09+01
40.7444201864,-73.9872121811,2010-07-01T16:15:19+01
40.736811501,-73.9894759655,2010-07-01T15:23:25+01
40.7252582,-73.9969956,2010-07-01T15:22:32+01
40.7252582,-73.9969956,2010-07-01T15:21:26+01
40.72489755,-73.9955570333,2010-07-01T14:30:57+01
40.7245878217,-73.9964282513,2010-07-01T14:12:34+01
40.7245878217,-73.9964282513,2010-07-01T14:12:12+01
40.7259090792,-73.9948001504,2010-07-01T14:11:44+01
40.7252125896,-73.9956884754,2010-07-01T14:11:27+01
40.72399181,-73.99606966,2010-07-01T14:11:11+01
40.72489755,-73.9955570333,2010-07-01T14:10:26+01
40.7281666766,-73.9875108091,2010-07-01T14:04:37+01
40.7283401361,-73.9878539559,2010-07-01T14:04:07+01
40.7283401361,-73.9878539559,2010-07-01T14:03:42+01
40.7341565833,-73.98413505,2010-07-01T14:02:16+01
40.7492506667,-73.9698997833,2010-07-01T01:49:58+01
40.7490532543,-73.9680397511,2010-07-01T01:47:47+01
40.7441692833,-73.97586725,2010-06-30T23:32:01+01
40.7461027589,-73.9820194244,2010-06-30T22:45:45+01
40.749158917,-73.9814400673,2010-06-30T22:41:03+01
40.7444201864,-73.9872121811,2010-06-30T18:23:39+01
40.7449647918,-73.9769232273,2010-06-30T15:04:57+01
40.7429570453,-73.9810752869,2010-06-30T13:18:37+01
40.7534008,-73.97086167,2010-06-30T13:07:02+01
40.7492506667,-73.9698997833,2010-06-30T12:57:48+01
40.7490532543,-73.9680397511,2010-06-30T12:57:25+01
40.7446906667,-73.9731436,2010-06-29T23:42:23+01
40.7496619057,-73.979414671,2010-06-29T22:55:04+01
40.7550351243,-73.9880919456,2010-06-29T22:53:27+01
40.7564411107,-73.9876198769,2010-06-29T22:52:36+01
40.7550351243,-73.9880919456,2010-06-29T22:51:50+01
40.7573838364,-73.9856350422,2010-06-29T22:27:29+01
40.7570750139,-73.9847767353,2010-06-29T22:27:04+01
40.7558153285,-73.9835000038,2010-06-29T22:23:15+01
40.754493214,-73.981853263,2010-06-29T22:22:30+01
40.7536032833,-73.9770701,2010-06-29T22:16:56+01
40.7554514667,-73.9739220833,2010-06-29T22:05:50+01
40.7548894769,-73.9727591321,2010-06-29T22:05:13+01
40.7534909431,-73.9742088318,2010-06-29T21:51:38+01
40.7532389943,-73.9731252193,2010-06-29T21:51:09+01
40.7537185089,-73.9744877815,2010-06-29T21:50:33+01
40.75298088,-73.97478282,2010-06-29T21:49:47+01
40.7537754002,-73.9734792709,2010-06-29T21:48:41+01
40.752832862,-73.973655206,2010-06-29T21:41:33+01
40.7516554057,-73.9737174491,2010-06-29T21:36:49+01
40.7516598667,-73.9755821167,2010-06-29T21:34:13+01
40.7515076167,-73.9755,2010-06-29T21:33:33+01
40.7527919861,-73.9772558212,2010-06-29T21:32:01+01
40.7516947714,-73.9766013622,2010-06-29T21:30:39+01
40.7510258612,-73.9782130779,2010-06-29T21:28:57+01
40.751118,-73.977535,2010-06-29T21:28:25+01
40.75024145,-73.978689,2010-06-29T21:27:19+01
40.7499000644,-73.9783237096,2010-06-29T21:26:46+01
40.7502522833,-73.9790524333,2010-06-29T21:26:33+01
40.7494899333,-73.9789002333,2010-06-29T21:26:13+01
40.749158917,-73.9814400673,2010-06-29T21:25:20+01
40.7497922325,-73.9798275464,2010-06-29T21:24:46+01
40.7490462167,-73.9788170167,2010-06-29T21:24:28+01
40.7483134663,-73.9801429192,2010-06-29T21:24:01+01
40.7478503133,-73.9814642072,2010-06-29T21:21:51+01
40.7479421,-73.9824845333,2010-06-29T21:21:21+01
40.750386861,-73.9834059073,2010-06-29T21:20:04+01
40.749158917,-73.9814400673,2010-06-29T21:19:42+01
40.7503636167,-73.9735267333,2010-06-29T21:19:03+01
40.7503636167,-73.9735267333,2010-06-29T21:18:46+01
40.7503636167,-73.9735267333,2010-06-29T21:18:09+01
40.750903,-73.9732728167,2010-06-29T21:17:29+01
40.750309745,-73.974253199,2010-06-29T21:17:10+01
40.750309745,-73.974253199,2010-06-29T21:16:36+01
40.7495720833,-73.9710515833,2010-06-29T21:15:56+01
40.750613794,-73.993434906,2010-06-29T20:25:46+01
40.7484436586,-73.9857316017,2010-06-29T19:16:56+01
40.7306703667,-73.9538343167,2010-06-29T19:15:27+01
40.7444201864,-73.9872121811,2010-06-29T14:48:52+01
40.7534008,-73.97086167,2010-06-29T12:52:47+01
40.7526934333,-73.9715610667,2010-06-29T12:47:04+01
40.7439581512,-73.9741170173,2010-06-28T23:10:03+01
40.7449647918,-73.9769232273,2010-06-28T13:49:15+01
40.7443825333,-73.9783781667,2010-06-28T13:42:58+01
40.7441438178,-73.9740371704,2010-06-28T00:31:45+01
40.7446906667,-73.9731436,2010-06-27T23:45:32+01
40.749158917,-73.9814400673,2010-06-27T22:57:49+01
40.7479421,-73.9824845333,2010-06-27T22:53:43+01
40.7443825333,-73.9783781667,2010-06-27T22:47:43+01
40.7439581512,-73.9741170173,2010-06-27T21:49:27+01
40.7446906667,-73.9731436,2010-06-27T16:03:14+01
40.7439581512,-73.9741170173,2010-06-27T01:21:19+01
40.7440381471,-73.9708614349,2010-06-26T21:57:37+01
40.7423799085,-73.9663982391,2010-06-26T21:06:16+01
40.7692236575,-73.9494359493,2010-06-26T19:38:41+01
40.7720625043,-73.9580724613,2010-06-26T19:18:23+01
40.7713687391,-73.9547896385,2010-06-26T17:40:42+01
40.7611220997,-73.9639252424,2010-06-26T17:06:36+01
40.7591352667,-73.9590715,2010-06-26T17:05:47+01
40.7570973333,-73.9599113667,2010-06-26T17:04:25+01
40.7490532543,-73.9680397511,2010-06-26T16:02:48+01
40.749158917,-73.9814400673,2010-06-26T15:46:04+01
40.7479421,-73.9824845333,2010-06-26T15:45:10+01
40.7484436586,-73.9857316017,2010-06-26T15:08:50+01
40.7532308669,-73.982180357,2010-06-26T15:07:49+01
40.7554171004,-73.9790904522,2010-06-26T15:07:15+01
40.7573838364,-73.9856350422,2010-06-26T14:44:36+01
40.754493214,-73.981853263,2010-06-26T14:32:45+01
40.7423799085,-73.9663982391,2010-06-26T13:19:24+01
40.7439581512,-73.9741170173,2010-06-25T22:52:01+01
40.7443825333,-73.9783781667,2010-06-25T21:56:50+01
40.7423799085,-73.9663982391,2010-06-25T20:39:23+01
40.7440787897,-73.9740586281,2010-06-25T16:23:45+01
40.7449647918,-73.9769232273,2010-06-25T13:45:20+01
40.7446906667,-73.9731436,2010-06-25T12:57:36+01
40.7516598667,-73.9755821167,2010-06-25T02:12:32+01
40.7490532543,-73.9680397511,2010-06-25T02:11:38+01
40.7423799085,-73.9663982391,2010-06-24T23:11:03+01
40.7441438178,-73.9740371704,2010-06-24T23:10:41+01
40.743320633,-73.973402783,2010-06-24T23:10:28+01
40.7446906667,-73.9731436,2010-06-24T23:09:28+01
40.745169167,-73.978987067,2010-06-24T23:08:53+01
40.745169167,-73.978987067,2010-06-24T23:08:44+01
40.7443825333,-73.9783781667,2010-06-24T23:08:02+01
40.7439581512,-73.9741170173,2010-06-24T22:15:08+01
40.7432638,-73.9857402,2010-06-24T22:13:20+01
40.74382686,-73.9847157,2010-06-24T22:13:14+01
40.7439252167,-73.9792126333,2010-06-24T21:58:02+01
40.7433865167,-73.9785609,2010-06-24T21:57:25+01
40.7437373912,-73.9797341824,2010-06-24T21:56:38+01
40.7422881449,-73.9833618396,2010-06-24T21:55:02+01
40.7422715833,-73.9836658,2010-06-24T21:54:39+01
40.74238626,-73.9837505345,2010-06-24T21:54:24+01
40.74178594,-73.98385584,2010-06-24T21:54:00+01
40.74250197,-73.98529487,2010-06-24T21:53:43+01
40.742824126,-73.9830134738,2010-06-24T21:53:26+01
40.7430764333,-73.9835608,2010-06-24T21:53:03+01
40.7431033608,-73.98427248,2010-06-24T21:52:45+01
40.7431033608,-73.98427248,2010-06-24T21:52:33+01
40.7424451333,-73.9837265,2010-06-24T21:52:02+01
40.7444201864,-73.9872121811,2010-06-24T19:34:38+01
40.7410774479,-73.9815132372,2010-06-24T16:54:41+01
40.7410774479,-73.9815132372,2010-06-24T16:54:26+01
40.7410774479,-73.9815132372,2010-06-24T16:54:14+01
40.741228183,-73.981272667,2010-06-24T16:52:51+01
40.7440381471,-73.9708614349,2010-06-24T16:51:34+01
40.7449647918,-73.9769232273,2010-06-24T13:31:51+01
40.7570973333,-73.9599113667,2010-06-23T23:09:44+01
40.7653314576,-73.9518284798,2010-06-23T23:07:40+01
40.770477083,-73.950797317,2010-06-23T23:06:01+01
40.776961575,-73.95922865,2010-06-23T23:04:43+01
40.7762848,-73.95810845,2010-06-23T21:39:58+01
40.7768367589,-73.9573967457,2010-06-23T21:36:31+01
40.7711106,-73.9581435333,2010-06-23T21:31:30+01
40.75770225,-73.9678543167,2010-06-23T21:25:06+01
40.75692385,-73.96691459,2010-06-23T21:24:18+01
40.7446906667,-73.9731436,2010-06-23T21:21:22+01
40.7464809327,-73.9825093343,2010-06-23T00:11:46+01
40.7441438178,-73.9740371704,2010-06-22T23:46:34+01
40.7449647918,-73.9769232273,2010-06-22T22:13:12+01
40.7455329667,-73.9782372667,2010-06-22T22:07:48+01
40.745169167,-73.978987067,2010-06-22T22:07:29+01
40.745169167,-73.978987067,2010-06-22T22:07:19+01
40.7433865167,-73.9785609,2010-06-22T22:06:11+01
40.74626702,-73.97996163,2010-06-22T22:04:32+01
40.7437373912,-73.9797341824,2010-06-22T22:04:22+01
40.7439252167,-73.9792126333,2010-06-22T22:04:10+01
40.7443825333,-73.9783781667,2010-06-22T22:03:42+01
40.7439581512,-73.9741170173,2010-06-22T15:26:17+01
40.7443825333,-73.9783781667,2010-06-22T12:56:09+01
40.7440787897,-73.9740586281,2010-06-22T11:20:43+01
40.7443825333,-73.9783781667,2010-06-21T21:54:44+01
40.7449,-73.979273,2010-06-21T21:54:20+01
40.7313259,-73.9582208833,2010-06-21T18:52:21+01
40.7444201864,-73.9872121811,2010-06-21T14:01:02+01
40.741388197,-73.9894545078,2010-06-21T13:59:29+01
40.7484436586,-73.9857316017,2010-06-21T13:58:44+01
40.7443825333,-73.9783781667,2010-06-21T13:39:53+01
40.7439581512,-73.9741170173,2010-06-21T12:56:24+01
40.7439581512,-73.9741170173,2010-06-20T22:43:02+01
40.743320633,-73.973402783,2010-06-20T18:50:39+01
40.7438032667,-73.9734839667,2010-06-20T18:29:15+01
40.7452492854,-73.9755928516,2010-06-20T17:39:40+01
40.7492506667,-73.9698997833,2010-06-20T17:30:35+01
40.7516947714,-73.9766013622,2010-06-20T17:29:46+01
40.7538160368,-73.983618021,2010-06-20T16:55:14+01
40.7573838364,-73.9856350422,2010-06-20T16:46:06+01
40.7564238408,-73.9864705503,2010-06-20T16:41:44+01
40.7560916486,-73.9902591705,2010-06-20T16:24:57+01
40.7439581512,-73.9741170173,2010-06-20T16:05:50+01
40.7441438178,-73.9740371704,2010-06-20T14:16:46+01
40.7443825333,-73.9783781667,2010-06-20T04:11:45+01
40.7426725418,-73.9758718014,2010-06-20T03:51:44+01
40.742050686,-73.9810028673,2010-06-20T01:26:01+01
40.7413329772,-73.981360954,2010-06-20T01:04:18+01
40.7441438178,-73.9740371704,2010-06-20T00:01:37+01
40.7429570453,-73.9810752869,2010-06-19T22:32:48+01
40.742967484,-73.980336121,2010-06-19T21:04:15+01
40.7386414777,-73.9829193409,2010-06-19T20:51:48+01
40.7437509602,-73.9933277438,2010-06-19T20:27:24+01
40.7421580397,-73.9953449411,2010-06-19T20:18:16+01
40.7406599634,-73.9901813935,2010-06-19T20:06:28+01
40.7406599634,-73.9901813935,2010-06-19T20:04:41+01
40.741388197,-73.9894545078,2010-06-19T20:03:24+01
40.74137425,-73.9881052167,2010-06-19T19:50:41+01
40.7425768167,-73.9868532833,2010-06-19T19:38:35+01
40.7422010764,-73.9879953861,2010-06-19T19:34:00+01
40.7429570453,-73.9810752869,2010-06-19T19:24:12+01
40.7490532543,-73.9680397511,2010-06-19T14:08:16+01
40.7423799085,-73.9663982391,2010-06-19T03:07:17+01
40.7428595014,-73.9768588543,2010-06-18T23:16:35+01
40.7424693244,-73.9893043041,2010-06-18T20:00:05+01
40.7422010764,-73.9879953861,2010-06-18T19:59:39+01
40.7426678323,-73.9868967848,2010-06-18T19:22:16+01
40.74382686,-73.9847157,2010-06-18T19:21:48+01
40.7444201864,-73.9872121811,2010-06-18T18:02:16+01
40.741388197,-73.9894545078,2010-06-18T17:07:36+01
40.7484436586,-73.9857316017,2010-06-18T17:06:16+01
40.7527919861,-73.9772558212,2010-06-18T16:07:18+01
40.7449647918,-73.9769232273,2010-06-18T13:40:10+01
40.7446906667,-73.9731436,2010-06-18T12:18:30+01
40.7457360833,-73.9723638333,2010-06-18T12:16:59+01
40.7441438178,-73.9740371704,2010-06-18T03:08:15+01
40.7445014711,-73.9736509323,2010-06-18T03:07:55+01
40.7443821667,-73.97479485,2010-06-18T03:07:31+01
40.7446906667,-73.9731436,2010-06-18T03:03:48+01
40.7457360833,-73.9723638333,2010-06-18T03:03:37+01
40.74281535,-73.9780476333,2010-06-17T23:54:37+01
40.7419061833,-73.9782422833,2010-06-17T23:52:51+01
40.741804083,-73.978890767,2010-06-17T23:52:29+01
40.7422254626,-73.9800345898,2010-06-17T23:51:44+01
40.7437373912,-73.9797341824,2010-06-17T23:51:07+01
40.742050686,-73.9810028673,2010-06-17T23:48:44+01
40.74382686,-73.9847157,2010-06-17T20:57:41+01
40.7297910667,-73.9609002167,2010-06-17T20:49:13+01
40.7292078044,-73.9572885311,2010-06-17T20:49:04+01
40.7313259,-73.9582208833,2010-06-17T20:48:43+01
40.73102195,-73.95765575,2010-06-17T20:48:26+01
40.74137425,-73.9881052167,2010-06-17T20:45:48+01
40.7408273045,-73.9881134033,2010-06-17T18:47:25+01
40.7426678323,-73.9868967848,2010-06-17T18:41:05+01
40.7422010764,-73.9879953861,2010-06-17T18:40:44+01
40.7444201864,-73.9872121811,2010-06-17T17:38:44+01
40.7442738737,-73.9878344536,2010-06-17T17:38:08+01
40.7424693244,-73.9893043041,2010-06-17T17:37:00+01
40.7444201864,-73.9872121811,2010-06-17T13:11:08+01
40.741388197,-73.9894545078,2010-06-17T13:11:00+01
40.7422010764,-73.9879953861,2010-06-17T13:10:44+01
40.74137425,-73.9881052167,2010-06-17T13:10:21+01
40.7443825333,-73.9783781667,2010-06-17T12:53:11+01
40.7443825333,-73.9783781667,2010-06-16T23:06:26+01
40.7527919861,-73.9772558212,2010-06-16T23:04:42+01
40.7484436586,-73.9857316017,2010-06-16T23:04:18+01
40.7432873937,-73.977026193,2010-06-16T20:12:50+01
40.7442738737,-73.9878344536,2010-06-16T17:58:04+01
40.7444201864,-73.9872121811,2010-06-16T17:30:52+01
40.741388197,-73.9894545078,2010-06-16T17:29:45+01
40.7490532543,-73.9680397511,2010-06-16T16:50:09+01
40.7449647918,-73.9769232273,2010-06-16T13:45:31+01
40.7441438178,-73.9740371704,2010-06-16T12:30:23+01
40.7446906667,-73.9731436,2010-06-15T22:23:35+01
40.7447417167,-73.97547655,2010-06-15T22:11:27+01
40.7397436073,-73.9872911036,2010-06-15T21:54:36+01
40.73901921,-73.9856882,2010-06-15T21:54:20+01
40.739289,-73.987616,2010-06-15T21:54:01+01
40.7387828518,-73.9872658253,2010-06-15T21:53:42+01
40.735844095,-73.9903879166,2010-06-15T21:53:12+01
40.73583287,-73.99037224,2010-06-15T21:52:44+01
40.7351237,-73.9889198,2010-06-15T21:51:53+01
40.7357212167,-73.9899969667,2010-06-15T21:51:17+01
40.7324533548,-73.9901113529,2010-06-15T21:48:41+01
40.7301886034,-73.9891627857,2010-06-15T21:47:55+01
40.729998713,-73.9894223213,2010-06-15T21:47:33+01
40.72973942,-73.990538,2010-06-15T21:47:18+01
40.72976779,-73.99062794,2010-06-15T21:46:39+01
40.7297243058,-73.990619312,2010-06-15T21:46:00+01
40.7298747268,-73.9910048246,2010-06-15T21:45:37+01
40.72995722,-73.99136888,2010-06-15T21:45:20+01
40.7298523686,-73.991407156,2010-06-15T21:45:05+01
40.7291125115,-73.9918577671,2010-06-15T21:44:42+01
40.7291125115,-73.9918577671,2010-06-15T21:43:58+01
40.7272766788,-73.993556585,2010-06-15T21:43:42+01
40.7252125896,-73.9956884754,2010-06-15T21:43:09+01
40.7246711503,-73.9957546839,2010-06-15T21:42:07+01
40.7245878217,-73.9964282513,2010-06-15T21:41:50+01
40.72426164,-73.99569916,2010-06-15T21:41:11+01
40.7199677709,-73.9986664177,2010-06-15T21:39:29+01
40.7208271761,-73.9988958836,2010-06-15T21:38:55+01
40.7201522702,-73.9979195595,2010-06-15T21:38:22+01
40.7193575167,-73.99736805,2010-06-15T21:34:10+01
40.718913817,-73.9983914,2010-06-15T21:33:09+01
40.7186885953,-74.0009021759,2010-06-15T21:27:05+01
40.71923655,-74.0007652,2010-06-15T21:26:13+01
40.7205418,-74.0036122,2010-06-15T21:21:01+01
40.72283864,-74.00558495,2010-06-15T20:35:14+01
40.7225469356,-74.006344378,2010-06-15T20:33:51+01
40.72532705,-74.0085796,2010-06-15T20:33:06+01
40.7233315865,-74.0062880516,2010-06-15T20:32:54+01
40.7239820672,-74.0062344074,2010-06-15T20:02:44+01
40.7234170833,-74.00708935,2010-06-15T20:02:31+01
40.7242740815,-74.0075603523,2010-06-15T20:00:35+01
40.7236568276,-74.0088093281,2010-06-15T19:58:59+01
40.7335921797,-74.0027797222,2010-06-15T19:48:00+01
40.7331856887,-73.9986920357,2010-06-15T19:47:18+01
40.7312751476,-73.9971095324,2010-06-15T19:46:07+01
40.7406599634,-73.9901813935,2010-06-15T19:42:59+01
40.7444201864,-73.9872121811,2010-06-15T15:26:33+01
40.7432638,-73.9857402,2010-06-15T15:25:13+01
40.74382686,-73.9847157,2010-06-15T15:25:03+01
40.7422010764,-73.9879953861,2010-06-15T15:23:39+01
40.74137425,-73.9881052167,2010-06-15T15:23:31+01
40.7414376986,-73.9842448642,2010-06-15T15:23:03+01
40.74250197,-73.98529487,2010-06-15T15:22:37+01
40.741388197,-73.9894545078,2010-06-15T15:21:42+01
40.7431033608,-73.98427248,2010-06-15T13:07:38+01
40.743042396,-73.9839667082,2010-06-15T13:03:40+01
40.7429412333,-73.9828827167,2010-06-15T13:01:40+01
40.7439581512,-73.9741170173,2010-06-15T11:12:27+01
40.7443821667,-73.97479485,2010-06-14T20:35:26+01
40.7571237754,-73.9719665051,2010-06-14T20:28:38+01
40.758042111,-73.9702498913,2010-06-14T20:27:35+01
40.7595293001,-73.9730286598,2010-06-14T20:26:15+01
40.75897544,-73.97159838,2010-06-14T20:25:49+01
40.75995808,-73.97246593,2010-06-14T20:25:23+01
40.7584381167,-73.9721101,2010-06-14T20:25:07+01
40.760765917,-73.97317865,2010-06-14T20:21:42+01
40.7616340629,-73.9678573608,2010-06-14T20:14:44+01
40.7638606505,-73.9729321003,2010-06-14T20:10:23+01
40.7646895071,-73.9663767815,2010-06-14T20:09:38+01
40.7762848,-73.95810845,2010-06-14T18:38:22+01
40.77773825,-73.95701745,2010-06-14T18:31:08+01
40.7768367589,-73.9573967457,2010-06-14T18:26:32+01
40.7707886167,-73.96734525,2010-06-14T18:25:07+01
40.7732892,-73.96420955,2010-06-14T18:22:28+01
40.76861208,-73.96594458,2010-06-14T18:22:01+01
40.7661930667,-73.9658891167,2010-06-14T18:20:47+01
40.76676291,-73.96879154,2010-06-14T18:19:38+01
40.7641374167,-73.9715508833,2010-06-14T18:18:35+01
40.7639500375,-73.9705181122,2010-06-14T18:18:12+01
40.7636131,-73.9708423,2010-06-14T18:16:06+01
40.7619634333,-73.9726579833,2010-06-14T18:15:18+01
40.7638606505,-73.9729321003,2010-06-14T18:14:29+01
40.7624791998,-73.9797019958,2010-06-14T18:13:55+01
40.75313299,-73.97927153,2010-06-14T18:12:45+01
40.7545053075,-73.9775347908,2010-06-14T18:11:22+01
40.7556172976,-73.9812632096,2010-06-14T18:10:27+01
40.749158917,-73.9814400673,2010-06-14T18:07:47+01
40.7479421,-73.9824845333,2010-06-14T18:06:24+01
40.7442738737,-73.9878344536,2010-06-14T17:44:35+01
40.7444201864,-73.9872121811,2010-06-14T16:35:53+01
40.7355693971,-73.9750437509,2010-06-14T16:35:19+01
40.7449647918,-73.9769232273,2010-06-14T13:45:43+01
40.7443825333,-73.9783781667,2010-06-14T13:24:09+01
40.7423799085,-73.9663982391,2010-06-14T11:54:16+01
40.7439581512,-73.9741170173,2010-06-14T11:53:37+01
40.7439581512,-73.9741170173,2010-06-14T01:08:24+01
40.7446906667,-73.9731436,2010-06-13T23:32:03+01
40.74989908,-73.98002862,2010-06-13T18:53:03+01
40.749158917,-73.9814400673,2010-06-13T18:52:36+01
40.7502522833,-73.9790524333,2010-06-13T18:51:54+01
40.7513011096,-73.9796942693,2010-06-13T18:50:32+01
40.7517735167,-73.98201825,2010-06-13T18:43:34+01
40.75203102,-73.98191511,2010-06-13T18:43:26+01
40.7518745333,-73.9832179833,2010-06-13T18:42:43+01
40.7532308669,-73.982180357,2010-06-13T18:41:37+01
40.75403875,-73.98429459,2010-06-13T18:40:59+01
40.75502103,-73.98321121,2010-06-13T18:35:14+01
40.75502103,-73.98321121,2010-06-13T18:34:37+01
40.75513525,-73.9830879833,2010-06-13T18:23:00+01
40.7552111,-73.9839076833,2010-06-13T18:21:40+01
40.7548447233,-73.984355803,2010-06-13T18:17:37+01
40.7548447233,-73.984355803,2010-06-13T18:17:08+01
40.7556527867,-73.9857530594,2010-06-13T18:16:02+01
40.7548644534,-73.9841544628,2010-06-13T18:15:19+01
40.7565386346,-73.9857959747,2010-06-13T17:31:21+01
40.7564238408,-73.9864705503,2010-06-13T17:29:30+01
40.7568799674,-73.9862251282,2010-06-13T17:22:59+01
40.7573838364,-73.9856350422,2010-06-13T17:02:30+01
40.7567665141,-73.9877784956,2010-06-13T17:01:13+01
40.7564411107,-73.9876198769,2010-06-13T17:00:29+01
40.756588106,-73.9863381706,2010-06-13T16:59:21+01
40.7515076167,-73.9755,2010-06-13T16:54:08+01
40.7507438374,-73.9688122272,2010-06-13T16:51:17+01
40.74978355,-73.9692698667,2010-06-13T16:50:23+01
40.7439581512,-73.9741170173,2010-06-13T16:42:23+01
40.7446906667,-73.9731436,2010-06-13T16:42:11+01
40.7490532543,-73.9680397511,2010-06-13T16:41:36+01
40.7490532543,-73.9680397511,2010-06-12T21:28:50+01
40.7423799085,-73.9663982391,2010-06-12T21:28:15+01
40.7446906667,-73.9731436,2010-06-12T20:21:36+01
40.7445014711,-73.9736509323,2010-06-12T19:20:04+01
40.7452492854,-73.9755928516,2010-06-12T18:14:18+01
40.7446906667,-73.9731436,2010-06-12T17:01:01+01
40.7446906667,-73.9731436,2010-06-11T22:46:20+01
40.743784667,-73.976191117,2010-06-11T22:31:34+01
40.7443825333,-73.9783781667,2010-06-11T21:49:25+01
40.7444201864,-73.9872121811,2010-06-11T21:33:44+01
40.7442738737,-73.9878344536,2010-06-11T18:55:00+01
40.7432638,-73.9857402,2010-06-11T17:42:49+01
40.7437585667,-73.9817140333,2010-06-11T17:38:01+01
40.7436660833,-73.9816468167,2010-06-11T17:37:14+01
40.7433604358,-73.9798196028,2010-06-11T17:36:15+01
40.741228183,-73.981272667,2010-06-11T17:35:53+01
40.7449647918,-73.9769232273,2010-06-11T17:31:41+01
40.7423799085,-73.9663982391,2010-06-11T16:55:44+01
40.7490532543,-73.9680397511,2010-06-11T16:53:34+01
40.7449647918,-73.9769232273,2010-06-11T13:49:15+01
40.7441438178,-73.9740371704,2010-06-11T11:16:37+01
40.741804083,-73.978890767,2010-06-10T20:39:12+01
40.7419061833,-73.9782422833,2010-06-10T20:37:17+01
40.741228183,-73.981272667,2010-06-10T20:35:31+01
40.7413455988,-73.9812928433,2010-06-10T20:32:30+01
40.7410774479,-73.9815132372,2010-06-10T20:31:56+01
40.7413329772,-73.981360954,2010-06-10T20:31:17+01
40.7413885876,-73.9812472715,2010-06-10T20:30:56+01
40.74119705,-73.981453133,2010-06-10T20:29:52+01
40.7413556817,-73.9810752869,2010-06-10T20:23:55+01
40.7430764333,-73.9835608,2010-06-10T20:20:20+01
40.7431033608,-73.98427248,2010-06-10T20:17:38+01
40.743042396,-73.9839667082,2010-06-10T20:16:50+01
40.7424001833,-73.9869723667,2010-06-10T17:52:54+01
40.7432638,-73.9857402,2010-06-10T17:52:17+01
40.7433317,-73.9862152167,2010-06-10T17:51:46+01
40.7425768167,-73.9868532833,2010-06-10T17:51:08+01
40.7428643167,-73.98746515,2010-06-10T17:50:55+01
40.7426678323,-73.9868967848,2010-06-10T17:49:01+01
40.7449647918,-73.9769232273,2010-06-10T15:02:37+01
40.7439581512,-73.9741170173,2010-06-10T02:54:06+01
40.7440787897,-73.9740586281,2010-06-09T21:40:20+01
40.7445704201,-73.978861628,2010-06-09T20:15:55+01
40.7444201864,-73.9872121811,2010-06-09T19:34:10+01
40.7431033608,-73.98427248,2010-06-09T19:31:05+01
40.7442251028,-73.9874696732,2010-06-09T17:41:57+01
40.74382686,-73.9847157,2010-06-09T17:40:34+01
40.743042396,-73.9839667082,2010-06-09T17:39:48+01
40.7422715833,-73.9836658,2010-06-09T17:39:25+01
40.7424451333,-73.9837265,2010-06-09T17:39:06+01
40.7422881449,-73.9833618396,2010-06-09T17:38:49+01
40.7399368172,-73.9850977865,2010-06-09T17:38:23+01
40.7449647918,-73.9769232273,2010-06-09T13:57:43+01
40.7443825333,-73.9783781667,2010-06-09T12:55:15+01
40.74989908,-73.98002862,2010-06-08T21:58:41+01
40.749158917,-73.9814400673,2010-06-08T21:58:17+01
40.7532308669,-73.982180357,2010-06-08T21:48:02+01
40.7538160368,-73.983618021,2010-06-08T21:46:53+01
40.75502103,-73.98321121,2010-06-08T21:46:13+01
40.75448274,-73.98274546,2010-06-08T21:45:49+01
40.7548708,-73.9832451833,2010-06-08T21:45:11+01
40.7548644534,-73.9841544628,2010-06-08T21:44:53+01
40.75513525,-73.9830879833,2010-06-08T21:43:01+01
40.7573838364,-73.9856350422,2010-06-08T21:14:22+01
40.75563853,-73.99108862,2010-06-08T21:03:29+01
40.764527317,-73.995926467,2010-06-08T19:57:01+01
40.7646379134,-73.996057763,2010-06-08T19:31:50+01
40.75688215,-73.9971019167,2010-06-08T19:24:34+01
40.7524202333,-74.0025133667,2010-06-08T19:20:07+01
40.7522666,-74.0026763833,2010-06-08T19:19:47+01
40.7531373333,-74.0079538,2010-06-08T19:18:02+01
40.7470537593,-74.0070283413,2010-06-08T19:17:10+01
40.7464675371,-74.007597945,2010-06-08T19:16:48+01
40.7423961659,-74.0075433254,2010-06-08T19:16:24+01
40.7440454167,-74.0086036333,2010-06-08T19:15:44+01
40.7394429989,-74.0082822767,2010-06-08T19:15:18+01
40.7342447284,-74.0096847287,2010-06-08T19:14:18+01
40.73087006,-74.00984144,2010-06-08T19:13:34+01
40.7252737,-74.0116174,2010-06-08T19:12:43+01
40.7223434,-74.0123848333,2010-06-08T19:11:35+01
40.7128010446,-74.0133261681,2010-06-08T19:10:04+01
40.7021876333,-74.0095609333,2010-06-08T19:08:20+01
40.7058475346,-74.0019106865,2010-06-08T19:07:37+01
40.705823135,-73.9966964722,2010-06-08T19:06:32+01
40.7116869667,-73.9784546,2010-06-08T19:06:03+01
40.7446906667,-73.9731436,2010-06-08T17:38:43+01
40.7441438178,-73.9740371704,2010-06-07T22:22:52+01
40.7472264167,-73.9781398333,2010-06-07T19:28:13+01
40.7483134663,-73.9801429192,2010-06-07T19:27:36+01
40.7519129,-73.9939381833,2010-06-07T19:06:43+01
40.7530794,-73.99900042,2010-06-07T19:02:47+01
40.7626417249,-74.0091848373,2010-06-06T20:15:31+01
40.75168975,-73.9941437667,2010-06-06T20:08:30+01
40.7441438178,-73.9740371704,2010-06-06T19:14:13+01
40.74628078,-73.97991645,2010-06-06T18:36:39+01
40.7466748804,-73.9797998218,2010-06-06T18:25:02+01
40.742050686,-73.9810028673,2010-06-05T21:02:56+01
40.7422010764,-73.9879953861,2010-06-05T20:11:59+01
40.7449647918,-73.9769232273,2010-06-05T15:00:03+01
40.7441438178,-73.9740371704,2010-06-05T04:15:40+01
40.743784667,-73.976191117,2010-06-04T23:54:24+01
40.7444201864,-73.9872121811,2010-06-04T23:21:12+01
40.7444201864,-73.9872121811,2010-06-04T18:41:45+01
40.7442738737,-73.9878344536,2010-06-04T18:40:07+01
40.7432638,-73.9857402,2010-06-04T17:22:05+01
40.74250197,-73.98529487,2010-06-04T17:21:50+01
40.7424451333,-73.9837265,2010-06-04T17:21:16+01
40.74178594,-73.98385584,2010-06-04T17:20:32+01
40.7417674677,-73.9827892877,2010-06-04T17:18:55+01
40.7441438178,-73.9740371704,2010-06-04T16:29:53+01
40.7449647918,-73.9769232273,2010-06-04T13:54:28+01
40.7443825333,-73.9783781667,2010-06-04T13:36:55+01
40.7460296045,-73.9818370342,2010-06-03T21:41:14+01
40.7461027589,-73.9820194244,2010-06-03T21:40:44+01
40.7455765762,-73.9823823501,2010-06-03T21:40:24+01
40.7426805,-73.984188,2010-06-03T21:39:46+01
40.7431033608,-73.98427248,2010-06-03T21:39:24+01
40.74250197,-73.98529487,2010-06-03T21:39:08+01
40.7424451333,-73.9837265,2010-06-03T21:38:38+01
40.7401200854,-73.9863753319,2010-06-03T21:37:52+01
40.741388197,-73.9894545078,2010-06-03T21:37:17+01
40.7408635277,-73.992579381,2010-06-03T21:36:23+01
40.7408733333,-73.9923053142,2010-06-03T21:35:55+01
40.74101965,-73.9941691167,2010-06-03T21:34:36+01
40.74142813,-73.99387794,2010-06-03T21:33:32+01
40.73933422,-73.99525761,2010-06-03T21:32:17+01
40.737388686,-73.9968252182,2010-06-03T21:31:34+01
40.737063512,-73.9969432354,2010-06-03T21:31:04+01
40.7358101833,-73.997381,2010-06-03T21:30:31+01
40.7245885167,-74.00063545,2010-06-03T20:55:45+01
40.7244324315,-74.0006906024,2010-06-03T20:54:16+01
40.7253997833,-74.0029002,2010-06-03T20:40:56+01
40.7255675875,-74.0042603016,2010-06-03T20:39:58+01
40.7253249667,-74.0042984333,2010-06-03T20:39:31+01
40.7244292691,-74.0009880066,2010-06-03T20:38:51+01
40.7251217207,-74.0032222436,2010-06-03T20:30:34+01
40.7252340125,-73.9910146375,2010-06-03T20:24:34+01
40.72504186,-73.99092119,2010-06-03T20:21:57+01
40.72515231,-73.99071013,2010-06-03T20:20:51+01
40.7249225333,-73.9903856167,2010-06-03T20:20:09+01
40.72653996,-73.98947864,2010-06-03T20:17:43+01
40.7272084374,-73.9889583686,2010-06-03T20:16:15+01
40.7273778357,-73.9886754665,2010-06-03T20:16:01+01
40.7272659099,-73.9886195555,2010-06-03T20:15:42+01
40.7291885,-73.98764532,2010-06-03T20:15:04+01
40.7292036901,-73.9875346558,2010-06-03T20:13:54+01
40.7308866826,-73.9856610618,2010-06-03T20:13:14+01
40.7443825333,-73.9783781667,2010-06-03T19:51:55+01
40.7437373912,-73.9797341824,2010-06-03T19:51:01+01
40.7431033608,-73.98427248,2010-06-03T17:40:52+01
40.7442738737,-73.9878344536,2010-06-03T17:39:11+01
40.7444201864,-73.9872121811,2010-06-03T17:05:46+01
40.741640183,-73.9860087,2010-06-03T13:58:09+01
40.74166536,-73.98456561,2010-06-03T13:56:48+01
40.7399146938,-73.9797928783,2010-06-03T13:52:32+01
40.7443825333,-73.9783781667,2010-06-03T12:52:37+01
40.7439581512,-73.9741170173,2010-06-02T22:50:47+01
40.7438366333,-73.9767964167,2010-06-02T20:49:17+01
40.7457360833,-73.9723638333,2010-06-02T20:18:34+01
40.7504102667,-73.9722274667,2010-06-02T20:17:44+01
40.7525295532,-73.9732598805,2010-06-02T20:16:29+01
40.7575871667,-73.9724520667,2010-06-02T20:14:37+01
40.758042111,-73.9702498913,2010-06-02T20:11:12+01
40.7586597455,-73.970400095,2010-06-02T20:10:46+01
40.7616340629,-73.9678573608,2010-06-02T20:09:48+01
40.7625279574,-73.9679217339,2010-06-02T20:08:52+01
40.7646895071,-73.9663767815,2010-06-02T20:08:18+01
40.7687207949,-73.9624171285,2010-06-02T20:07:20+01
40.7768367589,-73.9573967457,2010-06-02T18:48:02+01
40.76502536,-73.95818467,2010-06-02T18:38:47+01
40.75360888,-73.96635067,2010-06-02T18:36:04+01
40.7449647918,-73.9769232273,2010-06-02T13:53:21+01
40.7441438178,-73.9740371704,2010-06-02T11:14:38+01
40.7441438178,-73.9740371704,2010-06-02T02:54:36+01
40.74459275,-73.97665565,2010-06-01T22:07:56+01
40.7431186833,-73.9801777833,2010-06-01T22:07:04+01
40.7429412333,-73.9828827167,2010-06-01T22:06:08+01
40.7424451333,-73.9837265,2010-06-01T22:05:29+01
40.74382686,-73.9847157,2010-06-01T22:04:39+01
40.7437942911,-73.985645771,2010-06-01T22:04:00+01
40.7444201864,-73.9872121811,2010-06-01T22:02:14+01
40.7466104846,-73.9908241466,2010-06-01T22:00:59+01
40.737063512,-73.9969432354,2010-06-01T21:58:37+01
40.737388686,-73.9968252182,2010-06-01T21:57:51+01
40.7232614465,-74.0028151035,2010-06-01T21:51:36+01
40.7226526404,-74.0033537149,2010-06-01T21:49:09+01
40.7211396313,-74.0049179993,2010-06-01T21:46:46+01
40.7239820672,-74.0062344074,2010-06-01T20:03:42+01
40.7234170833,-74.00708935,2010-06-01T19:53:19+01
40.7248302333,-74.0051622333,2010-06-01T19:51:58+01
40.7251423,-74.00581783,2010-06-01T19:51:21+01
40.7228279,-74.0079300667,2010-06-01T19:50:30+01
40.7242740815,-74.0075603523,2010-06-01T19:49:58+01
40.7227097167,-74.0068481167,2010-06-01T19:49:22+01
40.7228843772,-74.0061700344,2010-06-01T19:48:51+01
40.7233315865,-74.0062880516,2010-06-01T19:48:13+01
40.7218236667,-74.0061164667,2010-06-01T19:45:22+01
40.7225469356,-74.006344378,2010-06-01T19:40:45+01
40.7237077624,-74.0060836992,2010-06-01T19:37:02+01
40.7254312,-74.00600212,2010-06-01T19:32:16+01
40.73706716,-74.00086313,2010-06-01T19:29:10+01
40.7354796152,-73.994668431,2010-06-01T19:23:57+01
40.7442738737,-73.9878344536,2010-06-01T19:23:08+01
40.7444201864,-73.9872121811,2010-06-01T16:21:24+01
40.7422715833,-73.9836658,2010-06-01T15:09:57+01
40.7421165705,-73.9836072922,2010-06-01T15:09:22+01
40.7441438178,-73.9740371704,2010-06-01T14:31:12+01
40.7452492854,-73.9755928516,2010-05-31T15:55:06+01
40.7446906667,-73.9731436,2010-05-31T12:39:04+01
40.7439581512,-73.9741170173,2010-05-31T11:03:16+01
40.74956303,-73.97384393,2010-05-30T22:46:59+01
40.7554171004,-73.9790904522,2010-05-30T22:44:37+01
40.7587897731,-73.9766871929,2010-05-30T22:43:41+01
40.7590024913,-73.9761569226,2010-05-30T22:43:12+01
40.7610923,-73.9757078,2010-05-30T22:42:30+01
40.7625578,-73.9738289333,2010-05-30T22:41:51+01
40.7638606505,-73.9729321003,2010-05-30T22:41:00+01
40.7697916,-73.9700245833,2010-05-30T22:04:22+01
40.7692158333,-73.9700581833,2010-05-30T22:03:15+01
40.7685248659,-73.9706146717,2010-05-30T21:49:36+01
40.7678179414,-73.9739942551,2010-05-30T21:49:00+01
40.7726869667,-73.9711328833,2010-05-30T21:43:35+01
40.7678823833,-73.9711969167,2010-05-30T21:43:15+01
40.7681818667,-73.9711906833,2010-05-30T21:42:38+01
40.7805414319,-73.9668273926,2010-05-30T21:42:12+01
40.7685248659,-73.9706146717,2010-05-30T20:44:16+01
40.7666414292,-73.9714365618,2010-05-30T20:43:26+01
40.7671794,-73.9719431167,2010-05-30T20:42:50+01
40.7668273,-73.9737433,2010-05-30T20:42:16+01
40.7650633018,-73.9725995064,2010-05-30T20:32:44+01
40.7648357749,-73.9726102352,2010-05-30T20:31:21+01
40.7452492854,-73.9755928516,2010-05-30T20:11:02+01
40.7423799085,-73.9663982391,2010-05-30T19:45:24+01
40.7446906667,-73.9731436,2010-05-30T19:44:13+01
40.7446906667,-73.9731436,2010-05-30T12:50:31+01
40.7441692833,-73.97586725,2010-05-30T00:30:58+01
40.7439581512,-73.9741170173,2010-05-29T21:26:22+01
40.7452492854,-73.9755928516,2010-05-29T20:14:21+01
40.7521001667,-73.9927144167,2010-05-29T19:16:42+01
40.7527147753,-73.9936387539,2010-05-29T19:07:45+01
40.7522068072,-73.9934563637,2010-05-29T19:06:47+01
40.7539759241,-73.9921707475,2010-05-29T19:03:39+01
40.7560712325,-73.990350137,2010-05-29T18:52:16+01
40.7562866974,-73.9897978306,2010-05-29T18:51:42+01
40.7560916486,-73.9902591705,2010-05-29T18:51:10+01
40.7572294253,-73.9907848835,2010-05-29T18:50:21+01
40.75563853,-73.99108862,2010-05-29T18:49:40+01
40.7573838364,-73.9856350422,2010-05-29T18:12:02+01
40.7439581512,-73.9741170173,2010-05-29T15:06:07+01
40.75305312,-73.9793989,2010-05-28T23:10:23+01
40.7534909431,-73.9809465408,2010-05-28T23:09:50+01
40.7548708,-73.9832451833,2010-05-28T23:08:51+01
40.756588106,-73.9863381706,2010-05-28T23:08:17+01
40.7573838364,-73.9856350422,2010-05-28T23:00:19+01
40.7560712325,-73.990350137,2010-05-28T22:52:33+01
40.7554171004,-73.9790904522,2010-05-28T22:47:19+01
40.755699035,-73.9802207889,2010-05-28T22:46:25+01
40.745169167,-73.978987067,2010-05-28T20:03:14+01
40.7454492855,-73.9717285918,2010-05-28T16:06:43+01
40.7441438178,-73.9740371704,2010-05-28T15:16:52+01
40.7449647918,-73.9769232273,2010-05-28T13:55:16+01
40.7443825333,-73.9783781667,2010-05-28T13:25:33+01
40.7446906667,-73.9731436,2010-05-27T21:15:30+01
40.7443825333,-73.9783781667,2010-05-27T20:08:03+01
40.7444201864,-73.9872121811,2010-05-27T17:47:25+01
40.7449647918,-73.9769232273,2010-05-27T14:56:51+01
40.7443825333,-73.9783781667,2010-05-27T12:59:42+01
40.7439581512,-73.9741170173,2010-05-26T21:03:32+01
40.7443825333,-73.9783781667,2010-05-26T20:25:04+01
40.7441438178,-73.9740371704,2010-05-26T18:39:48+01
40.7479421,-73.9824845333,2010-05-26T18:16:08+01
40.7484436586,-73.9857316017,2010-05-26T18:12:56+01
40.7503829337,-73.987856929,2010-05-26T18:11:48+01
40.7506056663,-73.9892935753,2010-05-26T18:10:48+01
40.7510120509,-73.9906346798,2010-05-26T18:06:39+01
40.7503537066,-73.9929306507,2010-05-26T18:01:10+01
40.7505731554,-73.9933812618,2010-05-26T18:00:03+01
40.7511215833,-73.9927506667,2010-05-26T17:58:40+01
40.750613794,-73.993434906,2010-05-26T17:56:54+01
40.75197985,-73.91302375,2010-05-26T17:47:29+01
40.7449967167,-73.9359544833,2010-05-22T13:11:00+01
40.7503537066,-73.9929306507,2010-05-22T12:25:30+01
40.750613794,-73.993434906,2010-05-22T12:23:13+01
40.7510120509,-73.9906346798,2010-05-22T12:22:09+01
40.7479421,-73.9824845333,2010-05-22T12:18:14+01
40.74351065,-73.9823459167,2010-05-21T22:50:25+01
40.7424451333,-73.9837265,2010-05-21T22:47:17+01
40.7431033608,-73.98427248,2010-05-21T22:45:06+01
40.74250197,-73.98529487,2010-05-21T22:43:41+01
40.7432638,-73.9857402,2010-05-21T22:42:24+01
40.7444201864,-73.9872121811,2010-05-21T17:35:01+01
40.7466104846,-73.9908241466,2010-05-21T17:30:50+01
40.7450790389,-73.9902622933,2010-05-21T17:29:50+01
40.7429245306,-73.9927911758,2010-05-21T17:27:20+01
40.737388686,-73.9968252182,2010-05-21T17:26:06+01
40.7347059524,-73.9989924431,2010-05-21T17:25:34+01
40.7335027833,-73.9992476833,2010-05-21T17:25:04+01
40.7340799657,-73.9990675449,2010-05-21T17:24:23+01
40.7302100987,-74.0020501614,2010-05-21T17:23:28+01
40.7255675875,-74.0042603016,2010-05-21T17:22:54+01
40.7221037867,-74.0055692196,2010-05-21T17:22:09+01
40.7211396313,-74.0049179993,2010-05-21T17:21:38+01
40.72167225,-74.0050226167,2010-05-21T17:21:14+01
40.7190057276,-74.0049684048,2010-05-21T17:20:38+01
40.7137590667,-74.0092444,2010-05-21T17:19:00+01
40.7134516283,-74.009206295,2010-05-21T17:18:15+01
40.71220285,-74.0097940833,2010-05-21T17:17:33+01
40.7118758796,-74.0076751661,2010-05-21T16:47:34+01
40.7117428,-74.0083068667,2010-05-21T16:46:14+01
40.7123678333,-74.0081857667,2010-05-21T16:45:28+01
40.7131426019,-74.0071570873,2010-05-21T16:44:54+01
40.712402559,-74.0067601204,2010-05-21T16:41:52+01
40.7104611333,-74.00420665,2010-05-21T16:40:06+01
40.7102304697,-74.0016371012,2010-05-21T16:39:33+01
40.7067340458,-73.9904308319,2010-05-21T16:38:29+01
40.705823135,-73.9966964722,2010-05-21T16:37:11+01
40.7116869667,-73.9784546,2010-05-21T16:36:02+01
40.7412744333,-73.9752609833,2010-05-21T16:34:09+01
40.7449647918,-73.9769232273,2010-05-21T13:50:50+01
40.7443825333,-73.9783781667,2010-05-21T13:42:51+01
40.7427407333,-73.9809008,2010-05-20T19:46:55+01
40.7423714668,-73.9829129437,2010-05-20T19:46:03+01
40.74367195,-73.98486834,2010-05-20T19:44:39+01
40.7436286667,-73.9882177167,2010-05-20T19:32:09+01
40.7444201864,-73.9872121811,2010-05-20T19:28:37+01
40.7481708135,-73.9847062942,2010-05-20T16:11:45+01
40.7479421,-73.9824845333,2010-05-20T16:08:01+01
40.7484151333,-73.9815712167,2010-05-20T16:07:25+01
40.7437373912,-73.9797341824,2010-05-20T15:44:43+01
40.7444201864,-73.9872121811,2010-05-20T13:17:46+01
40.7443825333,-73.9783781667,2010-05-20T13:04:29+01
40.7439581512,-73.9741170173,2010-05-20T01:29:48+01
40.7445746272,-73.9762687683,2010-05-19T20:27:02+01
40.7440192,-73.9764793333,2010-05-19T20:26:02+01
40.7449647918,-73.9769232273,2010-05-19T15:00:16+01
40.7443825333,-73.9783781667,2010-05-19T13:42:47+01
40.7439581512,-73.9741170173,2010-05-19T00:39:17+01
40.7443825333,-73.9783781667,2010-05-18T21:55:21+01
40.7445855167,-73.97766045,2010-05-18T21:50:29+01
40.7466748804,-73.9797998218,2010-05-18T21:41:22+01
40.7467452109,-73.9813176112,2010-05-18T21:36:47+01
40.7461027589,-73.9820194244,2010-05-18T21:35:31+01
40.7186885953,-74.0009021759,2010-05-18T21:19:18+01
40.7205418,-74.0036122,2010-05-18T21:09:55+01
40.7209381516,-74.0037899599,2010-05-18T21:08:35+01
40.7239820672,-74.0062344074,2010-05-18T20:56:54+01
40.7234170833,-74.00708935,2010-05-18T19:55:47+01
40.7242740815,-74.0075603523,2010-05-18T19:55:01+01
40.72569447,-74.01059663,2010-05-18T19:54:14+01
40.72869956,-74.00549882,2010-05-18T19:49:25+01
40.7301618333,-74.0058531167,2010-05-18T19:48:29+01
40.7414376986,-73.9842448642,2010-05-18T19:40:45+01
40.7443825333,-73.9783781667,2010-05-18T12:58:31+01
40.7447417167,-73.97547655,2010-05-17T22:43:40+01
40.74524462,-73.98111748,2010-05-17T20:13:37+01
40.7532715039,-73.9753568172,2010-05-17T20:11:28+01
40.7586597455,-73.970400095,2010-05-17T20:10:10+01
40.76561337,-73.96563255,2010-05-17T20:06:25+01
40.7679894833,-73.9637554667,2010-05-17T20:04:17+01
40.771458116,-73.9617043734,2010-05-17T20:03:12+01
40.7762848,-73.95810845,2010-05-17T18:56:57+01
40.7449647918,-73.9769232273,2010-05-17T13:57:20+01
40.7441438178,-73.9740371704,2010-05-17T04:14:20+01
40.750903,-73.9732728167,2010-05-16T21:20:47+01
40.7504102667,-73.9722274667,2010-05-16T21:16:42+01
40.7499554458,-73.9666879177,2010-05-16T21:09:27+01
40.7492483238,-73.9673960209,2010-05-16T21:08:46+01
40.74978355,-73.9692698667,2010-05-16T21:07:28+01
40.7500854904,-73.967717886,2010-05-16T21:06:51+01
40.7490532543,-73.9680397511,2010-05-16T21:05:52+01
40.7492506667,-73.9698997833,2010-05-16T21:02:35+01
40.7460160667,-73.9746040167,2010-05-15T17:54:48+01
40.7449647918,-73.9769232273,2010-05-15T17:34:22+01
40.7441438178,-73.9740371704,2010-05-14T23:41:44+01
40.7441692833,-73.97586725,2010-05-14T22:57:18+01
40.7443825333,-73.9783781667,2010-05-14T22:18:55+01
40.7442738737,-73.9878344536,2010-05-14T19:00:37+01
40.7444201864,-73.9872121811,2010-05-14T17:08:02+01
40.7432638,-73.9857402,2010-05-14T17:04:20+01
40.7449647918,-73.9769232273,2010-05-14T13:55:45+01
40.7428595014,-73.9768588543,2010-05-13T21:16:58+01
40.7428595014,-73.9768588543,2010-05-13T21:16:07+01
40.7443825333,-73.9783781667,2010-05-13T21:14:50+01
40.7457482667,-73.9850020333,2010-05-13T21:05:59+01
40.7444201864,-73.9872121811,2010-05-13T20:42:44+01
